form,line_number,description,value,variable_name,xpath,in_group,group_name,group_index
IRS990ScheduleJ,Part I Line 1a,Idemnification and gross-up payments,X,skedj_part_i.IdmnfctnGrssUpPmtsInd,/IRS990ScheduleJ/IdemnificationGrossUpPmtsInd,False,,
IRS990ScheduleJ,Part I Line 1b,Written policy reference T and E expenses?,true,skedj_part_i.WrttnPlcyRfTAndEExpnssInd,/IRS990ScheduleJ/WrittenPolicyRefTAndEExpnssInd,False,,
IRS990ScheduleJ,Part I Line 2,Substantiation required?,true,skedj_part_i.SbstnttnRqrdInd,/IRS990ScheduleJ/SubstantiationRequiredInd,False,,
IRS990ScheduleJ,Part I Line 4a,Severance payment?,false,skedj_part_i.SvrncPymntInd,/IRS990ScheduleJ/SeverancePaymentInd,False,,
IRS990ScheduleJ,Part I Line 4b,Supplemental nonqualified retirement plan?,true,skedj_part_i.SpplmntlNnqlRtrPlnInd,/IRS990ScheduleJ/SupplementalNonqualRtrPlanInd,False,,
IRS990ScheduleJ,Part I Line 4c,Equity based compensation arrangement?,false,skedj_part_i.EqtyBsdCmpArrngmInd,/IRS990ScheduleJ/EquityBasedCompArrngmInd,False,,
IRS990ScheduleJ,Part I Line 5a,Compensation based on revenue of filing org?,false,skedj_part_i.CmpBsdOnRvnOfFlngOrgInd,/IRS990ScheduleJ/CompBasedOnRevenueOfFlngOrgInd,False,,
IRS990ScheduleJ,Part I Line 5b,Compensation based on revenue of related orgs?,false,skedj_part_i.CmpBsdOnRvRltdOrgsInd,/IRS990ScheduleJ/CompBsdOnRevRelatedOrgsInd,False,,
IRS990ScheduleJ,Part I Line 6a,Compensation based on net earnings of filing org?,false,skedj_part_i.CmpBsdNtErnsFlngOrgInd,/IRS990ScheduleJ/CompBsdNetEarnsFlngOrgInd,False,,
IRS990ScheduleJ,Part I Line 6b,Compensation based on net earnings of related orgs?,false,skedj_part_i.CmpBsdNtErnsRltdOrgsInd,/IRS990ScheduleJ/CompBsdNetEarnsRltdOrgsInd,False,,
IRS990ScheduleJ,Part I Line 7,Any non-fixed payments?,true,skedj_part_i.AnyNnFxdPymntsInd,/IRS990ScheduleJ/AnyNonFixedPaymentsInd,False,,
IRS990ScheduleJ,Part I Line 8,Initial contract exception?,false,skedj_part_i.IntlCntrctExcptnInd,/IRS990ScheduleJ/InitialContractExceptionInd,False,,
IRS990ScheduleJ,Part II Column (A),Part II contents; Name of officer - person,John Boyd,SkdJRltdOrgOffcrTrstKyEmpl.PrsnNm,/IRS990ScheduleJ/RltdOrgOfficerTrstKeyEmplGrp/PersonNm,True,SkdJRltdOrgOffcrTrstKyEmpl,0
IRS990ScheduleJ,Part II Column (A),Part II contents; Title of Officer,"CAO, MNTL HLTH & CONT CARE SSR",SkdJRltdOrgOffcrTrstKyEmpl.TtlTxt,/IRS990ScheduleJ/RltdOrgOfficerTrstKeyEmplGrp/TitleTxt,True,SkdJRltdOrgOffcrTrstKyEmpl,0
IRS990ScheduleJ,Part II Column (B)(i),Part II contents; Base compensation ($) from filing organization,0,SkdJRltdOrgOffcrTrstKyEmpl.BsCmpnstnFlngOrgAmt,/IRS990ScheduleJ/RltdOrgOfficerTrstKeyEmplGrp/BaseCompensationFilingOrgAmt,True,SkdJRltdOrgOffcrTrstKyEmpl,0
IRS990ScheduleJ,Part II Column (B)(i),Part II contents; Compensation based on related organizations?,268967,SkdJRltdOrgOffcrTrstKyEmpl.CmpnstnBsdOnRltdOrgsAmt,/IRS990ScheduleJ/RltdOrgOfficerTrstKeyEmplGrp/CompensationBasedOnRltdOrgsAmt,True,SkdJRltdOrgOffcrTrstKyEmpl,0
IRS990ScheduleJ,Part II Column (B)(ii),Part II contents; Bonus and incentive compensation ($) from filing organization,0,SkdJRltdOrgOffcrTrstKyEmpl.BnsFlngOrgnztnAmnt,/IRS990ScheduleJ/RltdOrgOfficerTrstKeyEmplGrp/BonusFilingOrganizationAmount,True,SkdJRltdOrgOffcrTrstKyEmpl,0
IRS990ScheduleJ,Part II Column (B)(ii),Part II contents; Bonus and incentive compensation ($) from related organizations,116200,SkdJRltdOrgOffcrTrstKyEmpl.BnsRltdOrgnztnsAmt,/IRS990ScheduleJ/RltdOrgOfficerTrstKeyEmplGrp/BonusRelatedOrganizationsAmt,True,SkdJRltdOrgOffcrTrstKyEmpl,0
IRS990ScheduleJ,Part II Column (B)(iii),Part II contents; Other compensation ($) from filing organization,0,SkdJRltdOrgOffcrTrstKyEmpl.OthrCmpnstnFlngOrgAmt,/IRS990ScheduleJ/RltdOrgOfficerTrstKeyEmplGrp/OtherCompensationFilingOrgAmt,True,SkdJRltdOrgOffcrTrstKyEmpl,0
IRS990ScheduleJ,Part II Column (B)(iii),Part II contents; Other compensation ($) from related organizations,13933,SkdJRltdOrgOffcrTrstKyEmpl.OthrCmpnstnRltdOrgsAmt,/IRS990ScheduleJ/RltdOrgOfficerTrstKeyEmplGrp/OtherCompensationRltdOrgsAmt,True,SkdJRltdOrgOffcrTrstKyEmpl,0
IRS990ScheduleJ,Part II Column (C),Part II contents; Deferred compensation ($) from filing organization,0,SkdJRltdOrgOffcrTrstKyEmpl.DfrrdCmpnstnFlngOrgAmt,/IRS990ScheduleJ/RltdOrgOfficerTrstKeyEmplGrp/DeferredCompensationFlngOrgAmt,True,SkdJRltdOrgOffcrTrstKyEmpl,0
IRS990ScheduleJ,Part II Column (C),Part II contents; Deferred compensation ($) from related organizations,86894,SkdJRltdOrgOffcrTrstKyEmpl.DfrrdCmpRltdOrgsAmt,/IRS990ScheduleJ/RltdOrgOfficerTrstKeyEmplGrp/DeferredCompRltdOrgsAmt,True,SkdJRltdOrgOffcrTrstKyEmpl,0
IRS990ScheduleJ,Part II Column (D),Part II contents; Nontaxable benefits ($) from filing organization,0,SkdJRltdOrgOffcrTrstKyEmpl.NntxblBnftsFlngOrgAmt,/IRS990ScheduleJ/RltdOrgOfficerTrstKeyEmplGrp/NontaxableBenefitsFilingOrgAmt,True,SkdJRltdOrgOffcrTrstKyEmpl,0
IRS990ScheduleJ,Part II Column (D),Part II contents; Nontaxable benefits ($) from related organizations,7303,SkdJRltdOrgOffcrTrstKyEmpl.NntxblBnftsRltdOrgsAmt,/IRS990ScheduleJ/RltdOrgOfficerTrstKeyEmplGrp/NontaxableBenefitsRltdOrgsAmt,True,SkdJRltdOrgOffcrTrstKyEmpl,0
IRS990ScheduleJ,Part II Column (E),"Part II contents; Total of (B)(i) - (D), from filing org",0,SkdJRltdOrgOffcrTrstKyEmpl.TtlCmpnstnFlngOrgAmt,/IRS990ScheduleJ/RltdOrgOfficerTrstKeyEmplGrp/TotalCompensationFilingOrgAmt,True,SkdJRltdOrgOffcrTrstKyEmpl,0
IRS990ScheduleJ,Part II Column (E),"Part II contents; Total of (B)(i) - (D), from related orgs",493297,SkdJRltdOrgOffcrTrstKyEmpl.TtlCmpnstnRltdOrgsAmt,/IRS990ScheduleJ/RltdOrgOfficerTrstKeyEmplGrp/TotalCompensationRltdOrgsAmt,True,SkdJRltdOrgOffcrTrstKyEmpl,0
IRS990ScheduleJ,Part II Column (F),Part II contents; Comp reported prior 990 - from filing org,0,SkdJRltdOrgOffcrTrstKyEmpl.CmpRprtPrr990FlngOrgAmt,/IRS990ScheduleJ/RltdOrgOfficerTrstKeyEmplGrp/CompReportPrior990FilingOrgAmt,True,SkdJRltdOrgOffcrTrstKyEmpl,0
IRS990ScheduleJ,Part II Column (F),Part II contents; Comp reported prior 990 - from related orgs,8400,SkdJRltdOrgOffcrTrstKyEmpl.CmpRprtPrr990RltdOrgsAmt,/IRS990ScheduleJ/RltdOrgOfficerTrstKeyEmplGrp/CompReportPrior990RltdOrgsAmt,True,SkdJRltdOrgOffcrTrstKyEmpl,0
IRS990ScheduleJ,Part II Column (A),Part II contents; Name of officer - person,Thomas Blinn,SkdJRltdOrgOffcrTrstKyEmpl.PrsnNm,/IRS990ScheduleJ/RltdOrgOfficerTrstKeyEmplGrp/PersonNm,True,SkdJRltdOrgOffcrTrstKyEmpl,1
IRS990ScheduleJ,Part II Column (A),Part II contents; Title of Officer,"CEO, Reg Amb Care, SRR",SkdJRltdOrgOffcrTrstKyEmpl.TtlTxt,/IRS990ScheduleJ/RltdOrgOfficerTrstKeyEmplGrp/TitleTxt,True,SkdJRltdOrgOffcrTrstKyEmpl,1
IRS990ScheduleJ,Part II Column (B)(i),Part II contents; Base compensation ($) from filing organization,0,SkdJRltdOrgOffcrTrstKyEmpl.BsCmpnstnFlngOrgAmt,/IRS990ScheduleJ/RltdOrgOfficerTrstKeyEmplGrp/BaseCompensationFilingOrgAmt,True,SkdJRltdOrgOffcrTrstKyEmpl,1
IRS990ScheduleJ,Part II Column (B)(i),Part II contents; Compensation based on related organizations?,468913,SkdJRltdOrgOffcrTrstKyEmpl.CmpnstnBsdOnRltdOrgsAmt,/IRS990ScheduleJ/RltdOrgOfficerTrstKeyEmplGrp/CompensationBasedOnRltdOrgsAmt,True,SkdJRltdOrgOffcrTrstKyEmpl,1
IRS990ScheduleJ,Part II Column (B)(ii),Part II contents; Bonus and incentive compensation ($) from filing organization,0,SkdJRltdOrgOffcrTrstKyEmpl.BnsFlngOrgnztnAmnt,/IRS990ScheduleJ/RltdOrgOfficerTrstKeyEmplGrp/BonusFilingOrganizationAmount,True,SkdJRltdOrgOffcrTrstKyEmpl,1
IRS990ScheduleJ,Part II Column (B)(ii),Part II contents; Bonus and incentive compensation ($) from related organizations,296489,SkdJRltdOrgOffcrTrstKyEmpl.BnsRltdOrgnztnsAmt,/IRS990ScheduleJ/RltdOrgOfficerTrstKeyEmplGrp/BonusRelatedOrganizationsAmt,True,SkdJRltdOrgOffcrTrstKyEmpl,1
IRS990ScheduleJ,Part II Column (B)(iii),Part II contents; Other compensation ($) from filing organization,0,SkdJRltdOrgOffcrTrstKyEmpl.OthrCmpnstnFlngOrgAmt,/IRS990ScheduleJ/RltdOrgOfficerTrstKeyEmplGrp/OtherCompensationFilingOrgAmt,True,SkdJRltdOrgOffcrTrstKyEmpl,1
IRS990ScheduleJ,Part II Column (B)(iii),Part II contents; Other compensation ($) from related organizations,76381,SkdJRltdOrgOffcrTrstKyEmpl.OthrCmpnstnRltdOrgsAmt,/IRS990ScheduleJ/RltdOrgOfficerTrstKeyEmplGrp/OtherCompensationRltdOrgsAmt,True,SkdJRltdOrgOffcrTrstKyEmpl,1
IRS990ScheduleJ,Part II Column (C),Part II contents; Deferred compensation ($) from filing organization,0,SkdJRltdOrgOffcrTrstKyEmpl.DfrrdCmpnstnFlngOrgAmt,/IRS990ScheduleJ/RltdOrgOfficerTrstKeyEmplGrp/DeferredCompensationFlngOrgAmt,True,SkdJRltdOrgOffcrTrstKyEmpl,1
IRS990ScheduleJ,Part II Column (C),Part II contents; Deferred compensation ($) from related organizations,148086,SkdJRltdOrgOffcrTrstKyEmpl.DfrrdCmpRltdOrgsAmt,/IRS990ScheduleJ/RltdOrgOfficerTrstKeyEmplGrp/DeferredCompRltdOrgsAmt,True,SkdJRltdOrgOffcrTrstKyEmpl,1
IRS990ScheduleJ,Part II Column (D),Part II contents; Nontaxable benefits ($) from filing organization,0,SkdJRltdOrgOffcrTrstKyEmpl.NntxblBnftsFlngOrgAmt,/IRS990ScheduleJ/RltdOrgOfficerTrstKeyEmplGrp/NontaxableBenefitsFilingOrgAmt,True,SkdJRltdOrgOffcrTrstKyEmpl,1
IRS990ScheduleJ,Part II Column (D),Part II contents; Nontaxable benefits ($) from related organizations,17785,SkdJRltdOrgOffcrTrstKyEmpl.NntxblBnftsRltdOrgsAmt,/IRS990ScheduleJ/RltdOrgOfficerTrstKeyEmplGrp/NontaxableBenefitsRltdOrgsAmt,True,SkdJRltdOrgOffcrTrstKyEmpl,1
IRS990ScheduleJ,Part II Column (E),"Part II contents; Total of (B)(i) - (D), from filing org",0,SkdJRltdOrgOffcrTrstKyEmpl.TtlCmpnstnFlngOrgAmt,/IRS990ScheduleJ/RltdOrgOfficerTrstKeyEmplGrp/TotalCompensationFilingOrgAmt,True,SkdJRltdOrgOffcrTrstKyEmpl,1
IRS990ScheduleJ,Part II Column (E),"Part II contents; Total of (B)(i) - (D), from related orgs",1007654,SkdJRltdOrgOffcrTrstKyEmpl.TtlCmpnstnRltdOrgsAmt,/IRS990ScheduleJ/RltdOrgOfficerTrstKeyEmplGrp/TotalCompensationRltdOrgsAmt,True,SkdJRltdOrgOffcrTrstKyEmpl,1
IRS990ScheduleJ,Part II Column (F),Part II contents; Comp reported prior 990 - from filing org,0,SkdJRltdOrgOffcrTrstKyEmpl.CmpRprtPrr990FlngOrgAmt,/IRS990ScheduleJ/RltdOrgOfficerTrstKeyEmplGrp/CompReportPrior990FilingOrgAmt,True,SkdJRltdOrgOffcrTrstKyEmpl,1
IRS990ScheduleJ,Part II Column (F),Part II contents; Comp reported prior 990 - from related orgs,60906,SkdJRltdOrgOffcrTrstKyEmpl.CmpRprtPrr990RltdOrgsAmt,/IRS990ScheduleJ/RltdOrgOfficerTrstKeyEmplGrp/CompReportPrior990RltdOrgsAmt,True,SkdJRltdOrgOffcrTrstKyEmpl,1
IRS990ScheduleJ,Part II Column (A),Part II contents; Name of officer - person,Pat Brady,SkdJRltdOrgOffcrTrstKyEmpl.PrsnNm,/IRS990ScheduleJ/RltdOrgOfficerTrstKeyEmplGrp/PersonNm,True,SkdJRltdOrgOffcrTrstKyEmpl,2
IRS990ScheduleJ,Part II Column (A),Part II contents; Title of Officer,"CEO, Sutter Roseville Med. Ctr",SkdJRltdOrgOffcrTrstKyEmpl.TtlTxt,/IRS990ScheduleJ/RltdOrgOfficerTrstKeyEmplGrp/TitleTxt,True,SkdJRltdOrgOffcrTrstKyEmpl,2
IRS990ScheduleJ,Part II Column (B)(i),Part II contents; Base compensation ($) from filing organization,0,SkdJRltdOrgOffcrTrstKyEmpl.BsCmpnstnFlngOrgAmt,/IRS990ScheduleJ/RltdOrgOfficerTrstKeyEmplGrp/BaseCompensationFilingOrgAmt,True,SkdJRltdOrgOffcrTrstKyEmpl,2
IRS990ScheduleJ,Part II Column (B)(i),Part II contents; Compensation based on related organizations?,478882,SkdJRltdOrgOffcrTrstKyEmpl.CmpnstnBsdOnRltdOrgsAmt,/IRS990ScheduleJ/RltdOrgOfficerTrstKeyEmplGrp/CompensationBasedOnRltdOrgsAmt,True,SkdJRltdOrgOffcrTrstKyEmpl,2
IRS990ScheduleJ,Part II Column (B)(ii),Part II contents; Bonus and incentive compensation ($) from filing organization,0,SkdJRltdOrgOffcrTrstKyEmpl.BnsFlngOrgnztnAmnt,/IRS990ScheduleJ/RltdOrgOfficerTrstKeyEmplGrp/BonusFilingOrganizationAmount,True,SkdJRltdOrgOffcrTrstKyEmpl,2
IRS990ScheduleJ,Part II Column (B)(ii),Part II contents; Bonus and incentive compensation ($) from related organizations,274146,SkdJRltdOrgOffcrTrstKyEmpl.BnsRltdOrgnztnsAmt,/IRS990ScheduleJ/RltdOrgOfficerTrstKeyEmplGrp/BonusRelatedOrganizationsAmt,True,SkdJRltdOrgOffcrTrstKyEmpl,2
IRS990ScheduleJ,Part II Column (B)(iii),Part II contents; Other compensation ($) from filing organization,0,SkdJRltdOrgOffcrTrstKyEmpl.OthrCmpnstnFlngOrgAmt,/IRS990ScheduleJ/RltdOrgOfficerTrstKeyEmplGrp/OtherCompensationFilingOrgAmt,True,SkdJRltdOrgOffcrTrstKyEmpl,2
IRS990ScheduleJ,Part II Column (B)(iii),Part II contents; Other compensation ($) from related organizations,77274,SkdJRltdOrgOffcrTrstKyEmpl.OthrCmpnstnRltdOrgsAmt,/IRS990ScheduleJ/RltdOrgOfficerTrstKeyEmplGrp/OtherCompensationRltdOrgsAmt,True,SkdJRltdOrgOffcrTrstKyEmpl,2
IRS990ScheduleJ,Part II Column (C),Part II contents; Deferred compensation ($) from filing organization,0,SkdJRltdOrgOffcrTrstKyEmpl.DfrrdCmpnstnFlngOrgAmt,/IRS990ScheduleJ/RltdOrgOfficerTrstKeyEmplGrp/DeferredCompensationFlngOrgAmt,True,SkdJRltdOrgOffcrTrstKyEmpl,2
IRS990ScheduleJ,Part II Column (C),Part II contents; Deferred compensation ($) from related organizations,140741,SkdJRltdOrgOffcrTrstKyEmpl.DfrrdCmpRltdOrgsAmt,/IRS990ScheduleJ/RltdOrgOfficerTrstKeyEmplGrp/DeferredCompRltdOrgsAmt,True,SkdJRltdOrgOffcrTrstKyEmpl,2
IRS990ScheduleJ,Part II Column (D),Part II contents; Nontaxable benefits ($) from filing organization,0,SkdJRltdOrgOffcrTrstKyEmpl.NntxblBnftsFlngOrgAmt,/IRS990ScheduleJ/RltdOrgOfficerTrstKeyEmplGrp/NontaxableBenefitsFilingOrgAmt,True,SkdJRltdOrgOffcrTrstKyEmpl,2
IRS990ScheduleJ,Part II Column (D),Part II contents; Nontaxable benefits ($) from related organizations,18355,SkdJRltdOrgOffcrTrstKyEmpl.NntxblBnftsRltdOrgsAmt,/IRS990ScheduleJ/RltdOrgOfficerTrstKeyEmplGrp/NontaxableBenefitsRltdOrgsAmt,True,SkdJRltdOrgOffcrTrstKyEmpl,2
IRS990ScheduleJ,Part II Column (E),"Part II contents; Total of (B)(i) - (D), from filing org",0,SkdJRltdOrgOffcrTrstKyEmpl.TtlCmpnstnFlngOrgAmt,/IRS990ScheduleJ/RltdOrgOfficerTrstKeyEmplGrp/TotalCompensationFilingOrgAmt,True,SkdJRltdOrgOffcrTrstKyEmpl,2
IRS990ScheduleJ,Part II Column (E),"Part II contents; Total of (B)(i) - (D), from related orgs",989398,SkdJRltdOrgOffcrTrstKyEmpl.TtlCmpnstnRltdOrgsAmt,/IRS990ScheduleJ/RltdOrgOfficerTrstKeyEmplGrp/TotalCompensationRltdOrgsAmt,True,SkdJRltdOrgOffcrTrstKyEmpl,2
IRS990ScheduleJ,Part II Column (F),Part II contents; Comp reported prior 990 - from filing org,0,SkdJRltdOrgOffcrTrstKyEmpl.CmpRprtPrr990FlngOrgAmt,/IRS990ScheduleJ/RltdOrgOfficerTrstKeyEmplGrp/CompReportPrior990FilingOrgAmt,True,SkdJRltdOrgOffcrTrstKyEmpl,2
IRS990ScheduleJ,Part II Column (F),Part II contents; Comp reported prior 990 - from related orgs,65000,SkdJRltdOrgOffcrTrstKyEmpl.CmpRprtPrr990RltdOrgsAmt,/IRS990ScheduleJ/RltdOrgOfficerTrstKeyEmplGrp/CompReportPrior990RltdOrgsAmt,True,SkdJRltdOrgOffcrTrstKyEmpl,2
IRS990ScheduleJ,Part II Column (A),Part II contents; Name of officer - person,James Conforti,SkdJRltdOrgOffcrTrstKyEmpl.PrsnNm,/IRS990ScheduleJ/RltdOrgOfficerTrstKeyEmplGrp/PersonNm,True,SkdJRltdOrgOffcrTrstKyEmpl,3
IRS990ScheduleJ,Part II Column (A),Part II contents; Title of Officer,"Regional President, SHSSR",SkdJRltdOrgOffcrTrstKyEmpl.TtlTxt,/IRS990ScheduleJ/RltdOrgOfficerTrstKeyEmplGrp/TitleTxt,True,SkdJRltdOrgOffcrTrstKyEmpl,3
IRS990ScheduleJ,Part II Column (B)(i),Part II contents; Base compensation ($) from filing organization,0,SkdJRltdOrgOffcrTrstKyEmpl.BsCmpnstnFlngOrgAmt,/IRS990ScheduleJ/RltdOrgOfficerTrstKeyEmplGrp/BaseCompensationFilingOrgAmt,True,SkdJRltdOrgOffcrTrstKyEmpl,3
IRS990ScheduleJ,Part II Column (B)(i),Part II contents; Compensation based on related organizations?,594704,SkdJRltdOrgOffcrTrstKyEmpl.CmpnstnBsdOnRltdOrgsAmt,/IRS990ScheduleJ/RltdOrgOfficerTrstKeyEmplGrp/CompensationBasedOnRltdOrgsAmt,True,SkdJRltdOrgOffcrTrstKyEmpl,3
IRS990ScheduleJ,Part II Column (B)(ii),Part II contents; Bonus and incentive compensation ($) from filing organization,0,SkdJRltdOrgOffcrTrstKyEmpl.BnsFlngOrgnztnAmnt,/IRS990ScheduleJ/RltdOrgOfficerTrstKeyEmplGrp/BonusFilingOrganizationAmount,True,SkdJRltdOrgOffcrTrstKyEmpl,3
IRS990ScheduleJ,Part II Column (B)(ii),Part II contents; Bonus and incentive compensation ($) from related organizations,425250,SkdJRltdOrgOffcrTrstKyEmpl.BnsRltdOrgnztnsAmt,/IRS990ScheduleJ/RltdOrgOfficerTrstKeyEmplGrp/BonusRelatedOrganizationsAmt,True,SkdJRltdOrgOffcrTrstKyEmpl,3
IRS990ScheduleJ,Part II Column (B)(iii),Part II contents; Other compensation ($) from filing organization,0,SkdJRltdOrgOffcrTrstKyEmpl.OthrCmpnstnFlngOrgAmt,/IRS990ScheduleJ/RltdOrgOfficerTrstKeyEmplGrp/OtherCompensationFilingOrgAmt,True,SkdJRltdOrgOffcrTrstKyEmpl,3
IRS990ScheduleJ,Part II Column (B)(iii),Part II contents; Other compensation ($) from related organizations,54856,SkdJRltdOrgOffcrTrstKyEmpl.OthrCmpnstnRltdOrgsAmt,/IRS990ScheduleJ/RltdOrgOfficerTrstKeyEmplGrp/OtherCompensationRltdOrgsAmt,True,SkdJRltdOrgOffcrTrstKyEmpl,3
IRS990ScheduleJ,Part II Column (C),Part II contents; Deferred compensation ($) from filing organization,0,SkdJRltdOrgOffcrTrstKyEmpl.DfrrdCmpnstnFlngOrgAmt,/IRS990ScheduleJ/RltdOrgOfficerTrstKeyEmplGrp/DeferredCompensationFlngOrgAmt,True,SkdJRltdOrgOffcrTrstKyEmpl,3
IRS990ScheduleJ,Part II Column (C),Part II contents; Deferred compensation ($) from related organizations,309954,SkdJRltdOrgOffcrTrstKyEmpl.DfrrdCmpRltdOrgsAmt,/IRS990ScheduleJ/RltdOrgOfficerTrstKeyEmplGrp/DeferredCompRltdOrgsAmt,True,SkdJRltdOrgOffcrTrstKyEmpl,3
IRS990ScheduleJ,Part II Column (D),Part II contents; Nontaxable benefits ($) from filing organization,0,SkdJRltdOrgOffcrTrstKyEmpl.NntxblBnftsFlngOrgAmt,/IRS990ScheduleJ/RltdOrgOfficerTrstKeyEmplGrp/NontaxableBenefitsFilingOrgAmt,True,SkdJRltdOrgOffcrTrstKyEmpl,3
IRS990ScheduleJ,Part II Column (D),Part II contents; Nontaxable benefits ($) from related organizations,22054,SkdJRltdOrgOffcrTrstKyEmpl.NntxblBnftsRltdOrgsAmt,/IRS990ScheduleJ/RltdOrgOfficerTrstKeyEmplGrp/NontaxableBenefitsRltdOrgsAmt,True,SkdJRltdOrgOffcrTrstKyEmpl,3
IRS990ScheduleJ,Part II Column (E),"Part II contents; Total of (B)(i) - (D), from filing org",0,SkdJRltdOrgOffcrTrstKyEmpl.TtlCmpnstnFlngOrgAmt,/IRS990ScheduleJ/RltdOrgOfficerTrstKeyEmplGrp/TotalCompensationFilingOrgAmt,True,SkdJRltdOrgOffcrTrstKyEmpl,3
IRS990ScheduleJ,Part II Column (E),"Part II contents; Total of (B)(i) - (D), from related orgs",1406818,SkdJRltdOrgOffcrTrstKyEmpl.TtlCmpnstnRltdOrgsAmt,/IRS990ScheduleJ/RltdOrgOfficerTrstKeyEmplGrp/TotalCompensationRltdOrgsAmt,True,SkdJRltdOrgOffcrTrstKyEmpl,3
IRS990ScheduleJ,Part II Column (F),Part II contents; Comp reported prior 990 - from filing org,0,SkdJRltdOrgOffcrTrstKyEmpl.CmpRprtPrr990FlngOrgAmt,/IRS990ScheduleJ/RltdOrgOfficerTrstKeyEmplGrp/CompReportPrior990FilingOrgAmt,True,SkdJRltdOrgOffcrTrstKyEmpl,3
IRS990ScheduleJ,Part II Column (F),Part II contents; Comp reported prior 990 - from related orgs,50081,SkdJRltdOrgOffcrTrstKyEmpl.CmpRprtPrr990RltdOrgsAmt,/IRS990ScheduleJ/RltdOrgOfficerTrstKeyEmplGrp/CompReportPrior990RltdOrgsAmt,True,SkdJRltdOrgOffcrTrstKyEmpl,3
IRS990ScheduleJ,Part II Column (A),Part II contents; Name of officer - person,Dennie Conrad,SkdJRltdOrgOffcrTrstKyEmpl.PrsnNm,/IRS990ScheduleJ/RltdOrgOfficerTrstKeyEmplGrp/PersonNm,True,SkdJRltdOrgOffcrTrstKyEmpl,4
IRS990ScheduleJ,Part II Column (A),Part II contents; Title of Officer,"REG VP, PLNNG & BUS DEV SHSSR",SkdJRltdOrgOffcrTrstKyEmpl.TtlTxt,/IRS990ScheduleJ/RltdOrgOfficerTrstKeyEmplGrp/TitleTxt,True,SkdJRltdOrgOffcrTrstKyEmpl,4
IRS990ScheduleJ,Part II Column (B)(i),Part II contents; Base compensation ($) from filing organization,0,SkdJRltdOrgOffcrTrstKyEmpl.BsCmpnstnFlngOrgAmt,/IRS990ScheduleJ/RltdOrgOfficerTrstKeyEmplGrp/BaseCompensationFilingOrgAmt,True,SkdJRltdOrgOffcrTrstKyEmpl,4
IRS990ScheduleJ,Part II Column (B)(i),Part II contents; Compensation based on related organizations?,261390,SkdJRltdOrgOffcrTrstKyEmpl.CmpnstnBsdOnRltdOrgsAmt,/IRS990ScheduleJ/RltdOrgOfficerTrstKeyEmplGrp/CompensationBasedOnRltdOrgsAmt,True,SkdJRltdOrgOffcrTrstKyEmpl,4
IRS990ScheduleJ,Part II Column (B)(ii),Part II contents; Bonus and incentive compensation ($) from filing organization,0,SkdJRltdOrgOffcrTrstKyEmpl.BnsFlngOrgnztnAmnt,/IRS990ScheduleJ/RltdOrgOfficerTrstKeyEmplGrp/BonusFilingOrganizationAmount,True,SkdJRltdOrgOffcrTrstKyEmpl,4
IRS990ScheduleJ,Part II Column (B)(ii),Part II contents; Bonus and incentive compensation ($) from related organizations,145629,SkdJRltdOrgOffcrTrstKyEmpl.BnsRltdOrgnztnsAmt,/IRS990ScheduleJ/RltdOrgOfficerTrstKeyEmplGrp/BonusRelatedOrganizationsAmt,True,SkdJRltdOrgOffcrTrstKyEmpl,4
IRS990ScheduleJ,Part II Column (B)(iii),Part II contents; Other compensation ($) from filing organization,0,SkdJRltdOrgOffcrTrstKyEmpl.OthrCmpnstnFlngOrgAmt,/IRS990ScheduleJ/RltdOrgOfficerTrstKeyEmplGrp/OtherCompensationFilingOrgAmt,True,SkdJRltdOrgOffcrTrstKyEmpl,4
IRS990ScheduleJ,Part II Column (B)(iii),Part II contents; Other compensation ($) from related organizations,15383,SkdJRltdOrgOffcrTrstKyEmpl.OthrCmpnstnRltdOrgsAmt,/IRS990ScheduleJ/RltdOrgOfficerTrstKeyEmplGrp/OtherCompensationRltdOrgsAmt,True,SkdJRltdOrgOffcrTrstKyEmpl,4
IRS990ScheduleJ,Part II Column (C),Part II contents; Deferred compensation ($) from filing organization,0,SkdJRltdOrgOffcrTrstKyEmpl.DfrrdCmpnstnFlngOrgAmt,/IRS990ScheduleJ/RltdOrgOfficerTrstKeyEmplGrp/DeferredCompensationFlngOrgAmt,True,SkdJRltdOrgOffcrTrstKyEmpl,4
IRS990ScheduleJ,Part II Column (C),Part II contents; Deferred compensation ($) from related organizations,50337,SkdJRltdOrgOffcrTrstKyEmpl.DfrrdCmpRltdOrgsAmt,/IRS990ScheduleJ/RltdOrgOfficerTrstKeyEmplGrp/DeferredCompRltdOrgsAmt,True,SkdJRltdOrgOffcrTrstKyEmpl,4
IRS990ScheduleJ,Part II Column (D),Part II contents; Nontaxable benefits ($) from filing organization,0,SkdJRltdOrgOffcrTrstKyEmpl.NntxblBnftsFlngOrgAmt,/IRS990ScheduleJ/RltdOrgOfficerTrstKeyEmplGrp/NontaxableBenefitsFilingOrgAmt,True,SkdJRltdOrgOffcrTrstKyEmpl,4
IRS990ScheduleJ,Part II Column (D),Part II contents; Nontaxable benefits ($) from related organizations,13364,SkdJRltdOrgOffcrTrstKyEmpl.NntxblBnftsRltdOrgsAmt,/IRS990ScheduleJ/RltdOrgOfficerTrstKeyEmplGrp/NontaxableBenefitsRltdOrgsAmt,True,SkdJRltdOrgOffcrTrstKyEmpl,4
IRS990ScheduleJ,Part II Column (E),"Part II contents; Total of (B)(i) - (D), from filing org",0,SkdJRltdOrgOffcrTrstKyEmpl.TtlCmpnstnFlngOrgAmt,/IRS990ScheduleJ/RltdOrgOfficerTrstKeyEmplGrp/TotalCompensationFilingOrgAmt,True,SkdJRltdOrgOffcrTrstKyEmpl,4
IRS990ScheduleJ,Part II Column (E),"Part II contents; Total of (B)(i) - (D), from related orgs",486103,SkdJRltdOrgOffcrTrstKyEmpl.TtlCmpnstnRltdOrgsAmt,/IRS990ScheduleJ/RltdOrgOfficerTrstKeyEmplGrp/TotalCompensationRltdOrgsAmt,True,SkdJRltdOrgOffcrTrstKyEmpl,4
IRS990ScheduleJ,Part II Column (F),Part II contents; Comp reported prior 990 - from filing org,0,SkdJRltdOrgOffcrTrstKyEmpl.CmpRprtPrr990FlngOrgAmt,/IRS990ScheduleJ/RltdOrgOfficerTrstKeyEmplGrp/CompReportPrior990FilingOrgAmt,True,SkdJRltdOrgOffcrTrstKyEmpl,4
IRS990ScheduleJ,Part II Column (F),Part II contents; Comp reported prior 990 - from related orgs,0,SkdJRltdOrgOffcrTrstKyEmpl.CmpRprtPrr990RltdOrgsAmt,/IRS990ScheduleJ/RltdOrgOfficerTrstKeyEmplGrp/CompReportPrior990RltdOrgsAmt,True,SkdJRltdOrgOffcrTrstKyEmpl,4
IRS990ScheduleJ,Part II Column (A),Part II contents; Name of officer - person,Patrick Fry,SkdJRltdOrgOffcrTrstKyEmpl.PrsnNm,/IRS990ScheduleJ/RltdOrgOfficerTrstKeyEmplGrp/PersonNm,True,SkdJRltdOrgOffcrTrstKyEmpl,5
IRS990ScheduleJ,Part II Column (A),Part II contents; Title of Officer,"Trustee, President & CEO SH",SkdJRltdOrgOffcrTrstKyEmpl.TtlTxt,/IRS990ScheduleJ/RltdOrgOfficerTrstKeyEmplGrp/TitleTxt,True,SkdJRltdOrgOffcrTrstKyEmpl,5
IRS990ScheduleJ,Part II Column (B)(i),Part II contents; Base compensation ($) from filing organization,0,SkdJRltdOrgOffcrTrstKyEmpl.BsCmpnstnFlngOrgAmt,/IRS990ScheduleJ/RltdOrgOfficerTrstKeyEmplGrp/BaseCompensationFilingOrgAmt,True,SkdJRltdOrgOffcrTrstKyEmpl,5
IRS990ScheduleJ,Part II Column (B)(i),Part II contents; Compensation based on related organizations?,1523132,SkdJRltdOrgOffcrTrstKyEmpl.CmpnstnBsdOnRltdOrgsAmt,/IRS990ScheduleJ/RltdOrgOfficerTrstKeyEmplGrp/CompensationBasedOnRltdOrgsAmt,True,SkdJRltdOrgOffcrTrstKyEmpl,5
IRS990ScheduleJ,Part II Column (B)(ii),Part II contents; Bonus and incentive compensation ($) from filing organization,0,SkdJRltdOrgOffcrTrstKyEmpl.BnsFlngOrgnztnAmnt,/IRS990ScheduleJ/RltdOrgOfficerTrstKeyEmplGrp/BonusFilingOrganizationAmount,True,SkdJRltdOrgOffcrTrstKyEmpl,5
IRS990ScheduleJ,Part II Column (B)(ii),Part II contents; Bonus and incentive compensation ($) from related organizations,1687050,SkdJRltdOrgOffcrTrstKyEmpl.BnsRltdOrgnztnsAmt,/IRS990ScheduleJ/RltdOrgOfficerTrstKeyEmplGrp/BonusRelatedOrganizationsAmt,True,SkdJRltdOrgOffcrTrstKyEmpl,5
IRS990ScheduleJ,Part II Column (B)(iii),Part II contents; Other compensation ($) from filing organization,0,SkdJRltdOrgOffcrTrstKyEmpl.OthrCmpnstnFlngOrgAmt,/IRS990ScheduleJ/RltdOrgOfficerTrstKeyEmplGrp/OtherCompensationFilingOrgAmt,True,SkdJRltdOrgOffcrTrstKyEmpl,5
IRS990ScheduleJ,Part II Column (B)(iii),Part II contents; Other compensation ($) from related organizations,416185,SkdJRltdOrgOffcrTrstKyEmpl.OthrCmpnstnRltdOrgsAmt,/IRS990ScheduleJ/RltdOrgOfficerTrstKeyEmplGrp/OtherCompensationRltdOrgsAmt,True,SkdJRltdOrgOffcrTrstKyEmpl,5
IRS990ScheduleJ,Part II Column (C),Part II contents; Deferred compensation ($) from filing organization,0,SkdJRltdOrgOffcrTrstKyEmpl.DfrrdCmpnstnFlngOrgAmt,/IRS990ScheduleJ/RltdOrgOfficerTrstKeyEmplGrp/DeferredCompensationFlngOrgAmt,True,SkdJRltdOrgOffcrTrstKyEmpl,5
IRS990ScheduleJ,Part II Column (C),Part II contents; Deferred compensation ($) from related organizations,2693377,SkdJRltdOrgOffcrTrstKyEmpl.DfrrdCmpRltdOrgsAmt,/IRS990ScheduleJ/RltdOrgOfficerTrstKeyEmplGrp/DeferredCompRltdOrgsAmt,True,SkdJRltdOrgOffcrTrstKyEmpl,5
IRS990ScheduleJ,Part II Column (D),Part II contents; Nontaxable benefits ($) from filing organization,0,SkdJRltdOrgOffcrTrstKyEmpl.NntxblBnftsFlngOrgAmt,/IRS990ScheduleJ/RltdOrgOfficerTrstKeyEmplGrp/NontaxableBenefitsFilingOrgAmt,True,SkdJRltdOrgOffcrTrstKyEmpl,5
IRS990ScheduleJ,Part II Column (D),Part II contents; Nontaxable benefits ($) from related organizations,34953,SkdJRltdOrgOffcrTrstKyEmpl.NntxblBnftsRltdOrgsAmt,/IRS990ScheduleJ/RltdOrgOfficerTrstKeyEmplGrp/NontaxableBenefitsRltdOrgsAmt,True,SkdJRltdOrgOffcrTrstKyEmpl,5
IRS990ScheduleJ,Part II Column (E),"Part II contents; Total of (B)(i) - (D), from filing org",0,SkdJRltdOrgOffcrTrstKyEmpl.TtlCmpnstnFlngOrgAmt,/IRS990ScheduleJ/RltdOrgOfficerTrstKeyEmplGrp/TotalCompensationFilingOrgAmt,True,SkdJRltdOrgOffcrTrstKyEmpl,5
IRS990ScheduleJ,Part II Column (E),"Part II contents; Total of (B)(i) - (D), from related orgs",6354697,SkdJRltdOrgOffcrTrstKyEmpl.TtlCmpnstnRltdOrgsAmt,/IRS990ScheduleJ/RltdOrgOfficerTrstKeyEmplGrp/TotalCompensationRltdOrgsAmt,True,SkdJRltdOrgOffcrTrstKyEmpl,5
IRS990ScheduleJ,Part II Column (F),Part II contents; Comp reported prior 990 - from filing org,0,SkdJRltdOrgOffcrTrstKyEmpl.CmpRprtPrr990FlngOrgAmt,/IRS990ScheduleJ/RltdOrgOfficerTrstKeyEmplGrp/CompReportPrior990FilingOrgAmt,True,SkdJRltdOrgOffcrTrstKyEmpl,5
IRS990ScheduleJ,Part II Column (F),Part II contents; Comp reported prior 990 - from related orgs,396136,SkdJRltdOrgOffcrTrstKyEmpl.CmpRprtPrr990RltdOrgsAmt,/IRS990ScheduleJ/RltdOrgOfficerTrstKeyEmplGrp/CompReportPrior990RltdOrgsAmt,True,SkdJRltdOrgOffcrTrstKyEmpl,5
IRS990ScheduleJ,Part II Column (A),Part II contents; Name of officer - person,Terry Glubka,SkdJRltdOrgOffcrTrstKyEmpl.PrsnNm,/IRS990ScheduleJ/RltdOrgOfficerTrstKeyEmplGrp/PersonNm,True,SkdJRltdOrgOffcrTrstKyEmpl,6
IRS990ScheduleJ,Part II Column (A),Part II contents; Title of Officer,"CEO, Sutter Solano Medical Ctr",SkdJRltdOrgOffcrTrstKyEmpl.TtlTxt,/IRS990ScheduleJ/RltdOrgOfficerTrstKeyEmplGrp/TitleTxt,True,SkdJRltdOrgOffcrTrstKyEmpl,6
IRS990ScheduleJ,Part II Column (B)(i),Part II contents; Base compensation ($) from filing organization,0,SkdJRltdOrgOffcrTrstKyEmpl.BsCmpnstnFlngOrgAmt,/IRS990ScheduleJ/RltdOrgOfficerTrstKeyEmplGrp/BaseCompensationFilingOrgAmt,True,SkdJRltdOrgOffcrTrstKyEmpl,6
IRS990ScheduleJ,Part II Column (B)(i),Part II contents; Compensation based on related organizations?,358148,SkdJRltdOrgOffcrTrstKyEmpl.CmpnstnBsdOnRltdOrgsAmt,/IRS990ScheduleJ/RltdOrgOfficerTrstKeyEmplGrp/CompensationBasedOnRltdOrgsAmt,True,SkdJRltdOrgOffcrTrstKyEmpl,6
IRS990ScheduleJ,Part II Column (B)(ii),Part II contents; Bonus and incentive compensation ($) from filing organization,0,SkdJRltdOrgOffcrTrstKyEmpl.BnsFlngOrgnztnAmnt,/IRS990ScheduleJ/RltdOrgOfficerTrstKeyEmplGrp/BonusFilingOrganizationAmount,True,SkdJRltdOrgOffcrTrstKyEmpl,6
IRS990ScheduleJ,Part II Column (B)(ii),Part II contents; Bonus and incentive compensation ($) from related organizations,208009,SkdJRltdOrgOffcrTrstKyEmpl.BnsRltdOrgnztnsAmt,/IRS990ScheduleJ/RltdOrgOfficerTrstKeyEmplGrp/BonusRelatedOrganizationsAmt,True,SkdJRltdOrgOffcrTrstKyEmpl,6
IRS990ScheduleJ,Part II Column (B)(iii),Part II contents; Other compensation ($) from filing organization,0,SkdJRltdOrgOffcrTrstKyEmpl.OthrCmpnstnFlngOrgAmt,/IRS990ScheduleJ/RltdOrgOfficerTrstKeyEmplGrp/OtherCompensationFilingOrgAmt,True,SkdJRltdOrgOffcrTrstKyEmpl,6
IRS990ScheduleJ,Part II Column (B)(iii),Part II contents; Other compensation ($) from related organizations,32940,SkdJRltdOrgOffcrTrstKyEmpl.OthrCmpnstnRltdOrgsAmt,/IRS990ScheduleJ/RltdOrgOfficerTrstKeyEmplGrp/OtherCompensationRltdOrgsAmt,True,SkdJRltdOrgOffcrTrstKyEmpl,6
IRS990ScheduleJ,Part II Column (C),Part II contents; Deferred compensation ($) from filing organization,0,SkdJRltdOrgOffcrTrstKyEmpl.DfrrdCmpnstnFlngOrgAmt,/IRS990ScheduleJ/RltdOrgOfficerTrstKeyEmplGrp/DeferredCompensationFlngOrgAmt,True,SkdJRltdOrgOffcrTrstKyEmpl,6
IRS990ScheduleJ,Part II Column (C),Part II contents; Deferred compensation ($) from related organizations,89865,SkdJRltdOrgOffcrTrstKyEmpl.DfrrdCmpRltdOrgsAmt,/IRS990ScheduleJ/RltdOrgOfficerTrstKeyEmplGrp/DeferredCompRltdOrgsAmt,True,SkdJRltdOrgOffcrTrstKyEmpl,6
IRS990ScheduleJ,Part II Column (D),Part II contents; Nontaxable benefits ($) from filing organization,0,SkdJRltdOrgOffcrTrstKyEmpl.NntxblBnftsFlngOrgAmt,/IRS990ScheduleJ/RltdOrgOfficerTrstKeyEmplGrp/NontaxableBenefitsFilingOrgAmt,True,SkdJRltdOrgOffcrTrstKyEmpl,6
IRS990ScheduleJ,Part II Column (D),Part II contents; Nontaxable benefits ($) from related organizations,16480,SkdJRltdOrgOffcrTrstKyEmpl.NntxblBnftsRltdOrgsAmt,/IRS990ScheduleJ/RltdOrgOfficerTrstKeyEmplGrp/NontaxableBenefitsRltdOrgsAmt,True,SkdJRltdOrgOffcrTrstKyEmpl,6
IRS990ScheduleJ,Part II Column (E),"Part II contents; Total of (B)(i) - (D), from filing org",0,SkdJRltdOrgOffcrTrstKyEmpl.TtlCmpnstnFlngOrgAmt,/IRS990ScheduleJ/RltdOrgOfficerTrstKeyEmplGrp/TotalCompensationFilingOrgAmt,True,SkdJRltdOrgOffcrTrstKyEmpl,6
IRS990ScheduleJ,Part II Column (E),"Part II contents; Total of (B)(i) - (D), from related orgs",705442,SkdJRltdOrgOffcrTrstKyEmpl.TtlCmpnstnRltdOrgsAmt,/IRS990ScheduleJ/RltdOrgOfficerTrstKeyEmplGrp/TotalCompensationRltdOrgsAmt,True,SkdJRltdOrgOffcrTrstKyEmpl,6
IRS990ScheduleJ,Part II Column (F),Part II contents; Comp reported prior 990 - from filing org,0,SkdJRltdOrgOffcrTrstKyEmpl.CmpRprtPrr990FlngOrgAmt,/IRS990ScheduleJ/RltdOrgOfficerTrstKeyEmplGrp/CompReportPrior990FilingOrgAmt,True,SkdJRltdOrgOffcrTrstKyEmpl,6
IRS990ScheduleJ,Part II Column (F),Part II contents; Comp reported prior 990 - from related orgs,29000,SkdJRltdOrgOffcrTrstKyEmpl.CmpRprtPrr990RltdOrgsAmt,/IRS990ScheduleJ/RltdOrgOfficerTrstKeyEmplGrp/CompReportPrior990RltdOrgsAmt,True,SkdJRltdOrgOffcrTrstKyEmpl,6
IRS990ScheduleJ,Part II Column (A),Part II contents; Name of officer - person,Mitch Hanna,SkdJRltdOrgOffcrTrstKyEmpl.PrsnNm,/IRS990ScheduleJ/RltdOrgOfficerTrstKeyEmplGrp/PersonNm,True,SkdJRltdOrgOffcrTrstKyEmpl,7
IRS990ScheduleJ,Part II Column (A),Part II contents; Title of Officer,"CAO, SAFH",SkdJRltdOrgOffcrTrstKyEmpl.TtlTxt,/IRS990ScheduleJ/RltdOrgOfficerTrstKeyEmplGrp/TitleTxt,True,SkdJRltdOrgOffcrTrstKyEmpl,7
IRS990ScheduleJ,Part II Column (B)(i),Part II contents; Base compensation ($) from filing organization,0,SkdJRltdOrgOffcrTrstKyEmpl.BsCmpnstnFlngOrgAmt,/IRS990ScheduleJ/RltdOrgOfficerTrstKeyEmplGrp/BaseCompensationFilingOrgAmt,True,SkdJRltdOrgOffcrTrstKyEmpl,7
IRS990ScheduleJ,Part II Column (B)(i),Part II contents; Compensation based on related organizations?,321614,SkdJRltdOrgOffcrTrstKyEmpl.CmpnstnBsdOnRltdOrgsAmt,/IRS990ScheduleJ/RltdOrgOfficerTrstKeyEmplGrp/CompensationBasedOnRltdOrgsAmt,True,SkdJRltdOrgOffcrTrstKyEmpl,7
IRS990ScheduleJ,Part II Column (B)(ii),Part II contents; Bonus and incentive compensation ($) from filing organization,0,SkdJRltdOrgOffcrTrstKyEmpl.BnsFlngOrgnztnAmnt,/IRS990ScheduleJ/RltdOrgOfficerTrstKeyEmplGrp/BonusFilingOrganizationAmount,True,SkdJRltdOrgOffcrTrstKyEmpl,7
IRS990ScheduleJ,Part II Column (B)(ii),Part II contents; Bonus and incentive compensation ($) from related organizations,190523,SkdJRltdOrgOffcrTrstKyEmpl.BnsRltdOrgnztnsAmt,/IRS990ScheduleJ/RltdOrgOfficerTrstKeyEmplGrp/BonusRelatedOrganizationsAmt,True,SkdJRltdOrgOffcrTrstKyEmpl,7
IRS990ScheduleJ,Part II Column (B)(iii),Part II contents; Other compensation ($) from filing organization,0,SkdJRltdOrgOffcrTrstKyEmpl.OthrCmpnstnFlngOrgAmt,/IRS990ScheduleJ/RltdOrgOfficerTrstKeyEmplGrp/OtherCompensationFilingOrgAmt,True,SkdJRltdOrgOffcrTrstKyEmpl,7
IRS990ScheduleJ,Part II Column (B)(iii),Part II contents; Other compensation ($) from related organizations,46280,SkdJRltdOrgOffcrTrstKyEmpl.OthrCmpnstnRltdOrgsAmt,/IRS990ScheduleJ/RltdOrgOfficerTrstKeyEmplGrp/OtherCompensationRltdOrgsAmt,True,SkdJRltdOrgOffcrTrstKyEmpl,7
IRS990ScheduleJ,Part II Column (C),Part II contents; Deferred compensation ($) from filing organization,0,SkdJRltdOrgOffcrTrstKyEmpl.DfrrdCmpnstnFlngOrgAmt,/IRS990ScheduleJ/RltdOrgOfficerTrstKeyEmplGrp/DeferredCompensationFlngOrgAmt,True,SkdJRltdOrgOffcrTrstKyEmpl,7
IRS990ScheduleJ,Part II Column (C),Part II contents; Deferred compensation ($) from related organizations,73344,SkdJRltdOrgOffcrTrstKyEmpl.DfrrdCmpRltdOrgsAmt,/IRS990ScheduleJ/RltdOrgOfficerTrstKeyEmplGrp/DeferredCompRltdOrgsAmt,True,SkdJRltdOrgOffcrTrstKyEmpl,7
IRS990ScheduleJ,Part II Column (D),Part II contents; Nontaxable benefits ($) from filing organization,0,SkdJRltdOrgOffcrTrstKyEmpl.NntxblBnftsFlngOrgAmt,/IRS990ScheduleJ/RltdOrgOfficerTrstKeyEmplGrp/NontaxableBenefitsFilingOrgAmt,True,SkdJRltdOrgOffcrTrstKyEmpl,7
IRS990ScheduleJ,Part II Column (D),Part II contents; Nontaxable benefits ($) from related organizations,15990,SkdJRltdOrgOffcrTrstKyEmpl.NntxblBnftsRltdOrgsAmt,/IRS990ScheduleJ/RltdOrgOfficerTrstKeyEmplGrp/NontaxableBenefitsRltdOrgsAmt,True,SkdJRltdOrgOffcrTrstKyEmpl,7
IRS990ScheduleJ,Part II Column (E),"Part II contents; Total of (B)(i) - (D), from filing org",0,SkdJRltdOrgOffcrTrstKyEmpl.TtlCmpnstnFlngOrgAmt,/IRS990ScheduleJ/RltdOrgOfficerTrstKeyEmplGrp/TotalCompensationFilingOrgAmt,True,SkdJRltdOrgOffcrTrstKyEmpl,7
IRS990ScheduleJ,Part II Column (E),"Part II contents; Total of (B)(i) - (D), from related orgs",647751,SkdJRltdOrgOffcrTrstKyEmpl.TtlCmpnstnRltdOrgsAmt,/IRS990ScheduleJ/RltdOrgOfficerTrstKeyEmplGrp/TotalCompensationRltdOrgsAmt,True,SkdJRltdOrgOffcrTrstKyEmpl,7
IRS990ScheduleJ,Part II Column (F),Part II contents; Comp reported prior 990 - from filing org,0,SkdJRltdOrgOffcrTrstKyEmpl.CmpRprtPrr990FlngOrgAmt,/IRS990ScheduleJ/RltdOrgOfficerTrstKeyEmplGrp/CompReportPrior990FilingOrgAmt,True,SkdJRltdOrgOffcrTrstKyEmpl,7
IRS990ScheduleJ,Part II Column (F),Part II contents; Comp reported prior 990 - from related orgs,34695,SkdJRltdOrgOffcrTrstKyEmpl.CmpRprtPrr990RltdOrgsAmt,/IRS990ScheduleJ/RltdOrgOfficerTrstKeyEmplGrp/CompReportPrior990RltdOrgsAmt,True,SkdJRltdOrgOffcrTrstKyEmpl,7
IRS990ScheduleJ,Part II Column (A),Part II contents; Name of officer - person,Sarah Krevans,SkdJRltdOrgOffcrTrstKyEmpl.PrsnNm,/IRS990ScheduleJ/RltdOrgOfficerTrstKeyEmplGrp/PersonNm,True,SkdJRltdOrgOffcrTrstKyEmpl,8
IRS990ScheduleJ,Part II Column (A),Part II contents; Title of Officer,COO Sutter Health,SkdJRltdOrgOffcrTrstKyEmpl.TtlTxt,/IRS990ScheduleJ/RltdOrgOfficerTrstKeyEmplGrp/TitleTxt,True,SkdJRltdOrgOffcrTrstKyEmpl,8
IRS990ScheduleJ,Part II Column (B)(i),Part II contents; Base compensation ($) from filing organization,0,SkdJRltdOrgOffcrTrstKyEmpl.BsCmpnstnFlngOrgAmt,/IRS990ScheduleJ/RltdOrgOfficerTrstKeyEmplGrp/BaseCompensationFilingOrgAmt,True,SkdJRltdOrgOffcrTrstKyEmpl,8
IRS990ScheduleJ,Part II Column (B)(i),Part II contents; Compensation based on related organizations?,916159,SkdJRltdOrgOffcrTrstKyEmpl.CmpnstnBsdOnRltdOrgsAmt,/IRS990ScheduleJ/RltdOrgOfficerTrstKeyEmplGrp/CompensationBasedOnRltdOrgsAmt,True,SkdJRltdOrgOffcrTrstKyEmpl,8
IRS990ScheduleJ,Part II Column (B)(ii),Part II contents; Bonus and incentive compensation ($) from filing organization,0,SkdJRltdOrgOffcrTrstKyEmpl.BnsFlngOrgnztnAmnt,/IRS990ScheduleJ/RltdOrgOfficerTrstKeyEmplGrp/BonusFilingOrganizationAmount,True,SkdJRltdOrgOffcrTrstKyEmpl,8
IRS990ScheduleJ,Part II Column (B)(ii),Part II contents; Bonus and incentive compensation ($) from related organizations,689878,SkdJRltdOrgOffcrTrstKyEmpl.BnsRltdOrgnztnsAmt,/IRS990ScheduleJ/RltdOrgOfficerTrstKeyEmplGrp/BonusRelatedOrganizationsAmt,True,SkdJRltdOrgOffcrTrstKyEmpl,8
IRS990ScheduleJ,Part II Column (B)(iii),Part II contents; Other compensation ($) from filing organization,0,SkdJRltdOrgOffcrTrstKyEmpl.OthrCmpnstnFlngOrgAmt,/IRS990ScheduleJ/RltdOrgOfficerTrstKeyEmplGrp/OtherCompensationFilingOrgAmt,True,SkdJRltdOrgOffcrTrstKyEmpl,8
IRS990ScheduleJ,Part II Column (B)(iii),Part II contents; Other compensation ($) from related organizations,156449,SkdJRltdOrgOffcrTrstKyEmpl.OthrCmpnstnRltdOrgsAmt,/IRS990ScheduleJ/RltdOrgOfficerTrstKeyEmplGrp/OtherCompensationRltdOrgsAmt,True,SkdJRltdOrgOffcrTrstKyEmpl,8
IRS990ScheduleJ,Part II Column (C),Part II contents; Deferred compensation ($) from filing organization,0,SkdJRltdOrgOffcrTrstKyEmpl.DfrrdCmpnstnFlngOrgAmt,/IRS990ScheduleJ/RltdOrgOfficerTrstKeyEmplGrp/DeferredCompensationFlngOrgAmt,True,SkdJRltdOrgOffcrTrstKyEmpl,8
IRS990ScheduleJ,Part II Column (C),Part II contents; Deferred compensation ($) from related organizations,399554,SkdJRltdOrgOffcrTrstKyEmpl.DfrrdCmpRltdOrgsAmt,/IRS990ScheduleJ/RltdOrgOfficerTrstKeyEmplGrp/DeferredCompRltdOrgsAmt,True,SkdJRltdOrgOffcrTrstKyEmpl,8
IRS990ScheduleJ,Part II Column (D),Part II contents; Nontaxable benefits ($) from filing organization,0,SkdJRltdOrgOffcrTrstKyEmpl.NntxblBnftsFlngOrgAmt,/IRS990ScheduleJ/RltdOrgOfficerTrstKeyEmplGrp/NontaxableBenefitsFilingOrgAmt,True,SkdJRltdOrgOffcrTrstKyEmpl,8
IRS990ScheduleJ,Part II Column (D),Part II contents; Nontaxable benefits ($) from related organizations,24683,SkdJRltdOrgOffcrTrstKyEmpl.NntxblBnftsRltdOrgsAmt,/IRS990ScheduleJ/RltdOrgOfficerTrstKeyEmplGrp/NontaxableBenefitsRltdOrgsAmt,True,SkdJRltdOrgOffcrTrstKyEmpl,8
IRS990ScheduleJ,Part II Column (E),"Part II contents; Total of (B)(i) - (D), from filing org",0,SkdJRltdOrgOffcrTrstKyEmpl.TtlCmpnstnFlngOrgAmt,/IRS990ScheduleJ/RltdOrgOfficerTrstKeyEmplGrp/TotalCompensationFilingOrgAmt,True,SkdJRltdOrgOffcrTrstKyEmpl,8
IRS990ScheduleJ,Part II Column (E),"Part II contents; Total of (B)(i) - (D), from related orgs",2186723,SkdJRltdOrgOffcrTrstKyEmpl.TtlCmpnstnRltdOrgsAmt,/IRS990ScheduleJ/RltdOrgOfficerTrstKeyEmplGrp/TotalCompensationRltdOrgsAmt,True,SkdJRltdOrgOffcrTrstKyEmpl,8
IRS990ScheduleJ,Part II Column (F),Part II contents; Comp reported prior 990 - from filing org,0,SkdJRltdOrgOffcrTrstKyEmpl.CmpRprtPrr990FlngOrgAmt,/IRS990ScheduleJ/RltdOrgOfficerTrstKeyEmplGrp/CompReportPrior990FilingOrgAmt,True,SkdJRltdOrgOffcrTrstKyEmpl,8
IRS990ScheduleJ,Part II Column (F),Part II contents; Comp reported prior 990 - from related orgs,142787,SkdJRltdOrgOffcrTrstKyEmpl.CmpRprtPrr990RltdOrgsAmt,/IRS990ScheduleJ/RltdOrgOfficerTrstKeyEmplGrp/CompReportPrior990RltdOrgsAmt,True,SkdJRltdOrgOffcrTrstKyEmpl,8
IRS990ScheduleJ,Part II Column (A),Part II contents; Name of officer - person,Shelly McGriff,SkdJRltdOrgOffcrTrstKyEmpl.PrsnNm,/IRS990ScheduleJ/RltdOrgOfficerTrstKeyEmplGrp/PersonNm,True,SkdJRltdOrgOffcrTrstKyEmpl,9
IRS990ScheduleJ,Part II Column (A),Part II contents; Title of Officer,CNE Sutter Med Ctr Sac.,SkdJRltdOrgOffcrTrstKyEmpl.TtlTxt,/IRS990ScheduleJ/RltdOrgOfficerTrstKeyEmplGrp/TitleTxt,True,SkdJRltdOrgOffcrTrstKyEmpl,9
IRS990ScheduleJ,Part II Column (B)(i),Part II contents; Base compensation ($) from filing organization,0,SkdJRltdOrgOffcrTrstKyEmpl.BsCmpnstnFlngOrgAmt,/IRS990ScheduleJ/RltdOrgOfficerTrstKeyEmplGrp/BaseCompensationFilingOrgAmt,True,SkdJRltdOrgOffcrTrstKyEmpl,9
IRS990ScheduleJ,Part II Column (B)(i),Part II contents; Compensation based on related organizations?,287458,SkdJRltdOrgOffcrTrstKyEmpl.CmpnstnBsdOnRltdOrgsAmt,/IRS990ScheduleJ/RltdOrgOfficerTrstKeyEmplGrp/CompensationBasedOnRltdOrgsAmt,True,SkdJRltdOrgOffcrTrstKyEmpl,9
IRS990ScheduleJ,Part II Column (B)(ii),Part II contents; Bonus and incentive compensation ($) from filing organization,0,SkdJRltdOrgOffcrTrstKyEmpl.BnsFlngOrgnztnAmnt,/IRS990ScheduleJ/RltdOrgOfficerTrstKeyEmplGrp/BonusFilingOrganizationAmount,True,SkdJRltdOrgOffcrTrstKyEmpl,9
IRS990ScheduleJ,Part II Column (B)(ii),Part II contents; Bonus and incentive compensation ($) from related organizations,96589,SkdJRltdOrgOffcrTrstKyEmpl.BnsRltdOrgnztnsAmt,/IRS990ScheduleJ/RltdOrgOfficerTrstKeyEmplGrp/BonusRelatedOrganizationsAmt,True,SkdJRltdOrgOffcrTrstKyEmpl,9
IRS990ScheduleJ,Part II Column (B)(iii),Part II contents; Other compensation ($) from filing organization,0,SkdJRltdOrgOffcrTrstKyEmpl.OthrCmpnstnFlngOrgAmt,/IRS990ScheduleJ/RltdOrgOfficerTrstKeyEmplGrp/OtherCompensationFilingOrgAmt,True,SkdJRltdOrgOffcrTrstKyEmpl,9
IRS990ScheduleJ,Part II Column (B)(iii),Part II contents; Other compensation ($) from related organizations,31637,SkdJRltdOrgOffcrTrstKyEmpl.OthrCmpnstnRltdOrgsAmt,/IRS990ScheduleJ/RltdOrgOfficerTrstKeyEmplGrp/OtherCompensationRltdOrgsAmt,True,SkdJRltdOrgOffcrTrstKyEmpl,9
IRS990ScheduleJ,Part II Column (C),Part II contents; Deferred compensation ($) from filing organization,0,SkdJRltdOrgOffcrTrstKyEmpl.DfrrdCmpnstnFlngOrgAmt,/IRS990ScheduleJ/RltdOrgOfficerTrstKeyEmplGrp/DeferredCompensationFlngOrgAmt,True,SkdJRltdOrgOffcrTrstKyEmpl,9
IRS990ScheduleJ,Part II Column (C),Part II contents; Deferred compensation ($) from related organizations,50192,SkdJRltdOrgOffcrTrstKyEmpl.DfrrdCmpRltdOrgsAmt,/IRS990ScheduleJ/RltdOrgOfficerTrstKeyEmplGrp/DeferredCompRltdOrgsAmt,True,SkdJRltdOrgOffcrTrstKyEmpl,9
IRS990ScheduleJ,Part II Column (D),Part II contents; Nontaxable benefits ($) from filing organization,0,SkdJRltdOrgOffcrTrstKyEmpl.NntxblBnftsFlngOrgAmt,/IRS990ScheduleJ/RltdOrgOfficerTrstKeyEmplGrp/NontaxableBenefitsFilingOrgAmt,True,SkdJRltdOrgOffcrTrstKyEmpl,9
IRS990ScheduleJ,Part II Column (D),Part II contents; Nontaxable benefits ($) from related organizations,11268,SkdJRltdOrgOffcrTrstKyEmpl.NntxblBnftsRltdOrgsAmt,/IRS990ScheduleJ/RltdOrgOfficerTrstKeyEmplGrp/NontaxableBenefitsRltdOrgsAmt,True,SkdJRltdOrgOffcrTrstKyEmpl,9
IRS990ScheduleJ,Part II Column (E),"Part II contents; Total of (B)(i) - (D), from filing org",0,SkdJRltdOrgOffcrTrstKyEmpl.TtlCmpnstnFlngOrgAmt,/IRS990ScheduleJ/RltdOrgOfficerTrstKeyEmplGrp/TotalCompensationFilingOrgAmt,True,SkdJRltdOrgOffcrTrstKyEmpl,9
IRS990ScheduleJ,Part II Column (E),"Part II contents; Total of (B)(i) - (D), from related orgs",477144,SkdJRltdOrgOffcrTrstKyEmpl.TtlCmpnstnRltdOrgsAmt,/IRS990ScheduleJ/RltdOrgOfficerTrstKeyEmplGrp/TotalCompensationRltdOrgsAmt,True,SkdJRltdOrgOffcrTrstKyEmpl,9
IRS990ScheduleJ,Part II Column (F),Part II contents; Comp reported prior 990 - from filing org,0,SkdJRltdOrgOffcrTrstKyEmpl.CmpRprtPrr990FlngOrgAmt,/IRS990ScheduleJ/RltdOrgOfficerTrstKeyEmplGrp/CompReportPrior990FilingOrgAmt,True,SkdJRltdOrgOffcrTrstKyEmpl,9
IRS990ScheduleJ,Part II Column (F),Part II contents; Comp reported prior 990 - from related orgs,0,SkdJRltdOrgOffcrTrstKyEmpl.CmpRprtPrr990RltdOrgsAmt,/IRS990ScheduleJ/RltdOrgOfficerTrstKeyEmplGrp/CompReportPrior990RltdOrgsAmt,True,SkdJRltdOrgOffcrTrstKyEmpl,9
IRS990ScheduleJ,Part II Column (A),Part II contents; Name of officer - person,John Mesic MD,SkdJRltdOrgOffcrTrstKyEmpl.PrsnNm,/IRS990ScheduleJ/RltdOrgOfficerTrstKeyEmplGrp/PersonNm,True,SkdJRltdOrgOffcrTrstKyEmpl,10
IRS990ScheduleJ,Part II Column (A),Part II contents; Title of Officer,"CMO, Sac Sierra Region",SkdJRltdOrgOffcrTrstKyEmpl.TtlTxt,/IRS990ScheduleJ/RltdOrgOfficerTrstKeyEmplGrp/TitleTxt,True,SkdJRltdOrgOffcrTrstKyEmpl,10
IRS990ScheduleJ,Part II Column (B)(i),Part II contents; Base compensation ($) from filing organization,0,SkdJRltdOrgOffcrTrstKyEmpl.BsCmpnstnFlngOrgAmt,/IRS990ScheduleJ/RltdOrgOfficerTrstKeyEmplGrp/BaseCompensationFilingOrgAmt,True,SkdJRltdOrgOffcrTrstKyEmpl,10
IRS990ScheduleJ,Part II Column (B)(i),Part II contents; Compensation based on related organizations?,493927,SkdJRltdOrgOffcrTrstKyEmpl.CmpnstnBsdOnRltdOrgsAmt,/IRS990ScheduleJ/RltdOrgOfficerTrstKeyEmplGrp/CompensationBasedOnRltdOrgsAmt,True,SkdJRltdOrgOffcrTrstKyEmpl,10
IRS990ScheduleJ,Part II Column (B)(ii),Part II contents; Bonus and incentive compensation ($) from filing organization,0,SkdJRltdOrgOffcrTrstKyEmpl.BnsFlngOrgnztnAmnt,/IRS990ScheduleJ/RltdOrgOfficerTrstKeyEmplGrp/BonusFilingOrganizationAmount,True,SkdJRltdOrgOffcrTrstKyEmpl,10
IRS990ScheduleJ,Part II Column (B)(ii),Part II contents; Bonus and incentive compensation ($) from related organizations,292347,SkdJRltdOrgOffcrTrstKyEmpl.BnsRltdOrgnztnsAmt,/IRS990ScheduleJ/RltdOrgOfficerTrstKeyEmplGrp/BonusRelatedOrganizationsAmt,True,SkdJRltdOrgOffcrTrstKyEmpl,10
IRS990ScheduleJ,Part II Column (B)(iii),Part II contents; Other compensation ($) from filing organization,0,SkdJRltdOrgOffcrTrstKyEmpl.OthrCmpnstnFlngOrgAmt,/IRS990ScheduleJ/RltdOrgOfficerTrstKeyEmplGrp/OtherCompensationFilingOrgAmt,True,SkdJRltdOrgOffcrTrstKyEmpl,10
IRS990ScheduleJ,Part II Column (B)(iii),Part II contents; Other compensation ($) from related organizations,63390,SkdJRltdOrgOffcrTrstKyEmpl.OthrCmpnstnRltdOrgsAmt,/IRS990ScheduleJ/RltdOrgOfficerTrstKeyEmplGrp/OtherCompensationRltdOrgsAmt,True,SkdJRltdOrgOffcrTrstKyEmpl,10
IRS990ScheduleJ,Part II Column (C),Part II contents; Deferred compensation ($) from filing organization,0,SkdJRltdOrgOffcrTrstKyEmpl.DfrrdCmpnstnFlngOrgAmt,/IRS990ScheduleJ/RltdOrgOfficerTrstKeyEmplGrp/DeferredCompensationFlngOrgAmt,True,SkdJRltdOrgOffcrTrstKyEmpl,10
IRS990ScheduleJ,Part II Column (C),Part II contents; Deferred compensation ($) from related organizations,105951,SkdJRltdOrgOffcrTrstKyEmpl.DfrrdCmpRltdOrgsAmt,/IRS990ScheduleJ/RltdOrgOfficerTrstKeyEmplGrp/DeferredCompRltdOrgsAmt,True,SkdJRltdOrgOffcrTrstKyEmpl,10
IRS990ScheduleJ,Part II Column (D),Part II contents; Nontaxable benefits ($) from filing organization,0,SkdJRltdOrgOffcrTrstKyEmpl.NntxblBnftsFlngOrgAmt,/IRS990ScheduleJ/RltdOrgOfficerTrstKeyEmplGrp/NontaxableBenefitsFilingOrgAmt,True,SkdJRltdOrgOffcrTrstKyEmpl,10
IRS990ScheduleJ,Part II Column (D),Part II contents; Nontaxable benefits ($) from related organizations,13324,SkdJRltdOrgOffcrTrstKyEmpl.NntxblBnftsRltdOrgsAmt,/IRS990ScheduleJ/RltdOrgOfficerTrstKeyEmplGrp/NontaxableBenefitsRltdOrgsAmt,True,SkdJRltdOrgOffcrTrstKyEmpl,10
IRS990ScheduleJ,Part II Column (E),"Part II contents; Total of (B)(i) - (D), from filing org",0,SkdJRltdOrgOffcrTrstKyEmpl.TtlCmpnstnFlngOrgAmt,/IRS990ScheduleJ/RltdOrgOfficerTrstKeyEmplGrp/TotalCompensationFilingOrgAmt,True,SkdJRltdOrgOffcrTrstKyEmpl,10
IRS990ScheduleJ,Part II Column (E),"Part II contents; Total of (B)(i) - (D), from related orgs",968939,SkdJRltdOrgOffcrTrstKyEmpl.TtlCmpnstnRltdOrgsAmt,/IRS990ScheduleJ/RltdOrgOfficerTrstKeyEmplGrp/TotalCompensationRltdOrgsAmt,True,SkdJRltdOrgOffcrTrstKyEmpl,10
IRS990ScheduleJ,Part II Column (F),Part II contents; Comp reported prior 990 - from filing org,0,SkdJRltdOrgOffcrTrstKyEmpl.CmpRprtPrr990FlngOrgAmt,/IRS990ScheduleJ/RltdOrgOfficerTrstKeyEmplGrp/CompReportPrior990FilingOrgAmt,True,SkdJRltdOrgOffcrTrstKyEmpl,10
IRS990ScheduleJ,Part II Column (F),Part II contents; Comp reported prior 990 - from related orgs,51544,SkdJRltdOrgOffcrTrstKyEmpl.CmpRprtPrr990RltdOrgsAmt,/IRS990ScheduleJ/RltdOrgOfficerTrstKeyEmplGrp/CompReportPrior990RltdOrgsAmt,True,SkdJRltdOrgOffcrTrstKyEmpl,10
IRS990ScheduleJ,Part II Column (A),Part II contents; Name of officer - person,Carrie Owen-Plietz,SkdJRltdOrgOffcrTrstKyEmpl.PrsnNm,/IRS990ScheduleJ/RltdOrgOfficerTrstKeyEmplGrp/PersonNm,True,SkdJRltdOrgOffcrTrstKyEmpl,11
IRS990ScheduleJ,Part II Column (A),Part II contents; Title of Officer,"CEO, Sutter Med Ctr Sacramento",SkdJRltdOrgOffcrTrstKyEmpl.TtlTxt,/IRS990ScheduleJ/RltdOrgOfficerTrstKeyEmplGrp/TitleTxt,True,SkdJRltdOrgOffcrTrstKyEmpl,11
IRS990ScheduleJ,Part II Column (B)(i),Part II contents; Base compensation ($) from filing organization,0,SkdJRltdOrgOffcrTrstKyEmpl.BsCmpnstnFlngOrgAmt,/IRS990ScheduleJ/RltdOrgOfficerTrstKeyEmplGrp/BaseCompensationFilingOrgAmt,True,SkdJRltdOrgOffcrTrstKyEmpl,11
IRS990ScheduleJ,Part II Column (B)(i),Part II contents; Compensation based on related organizations?,475532,SkdJRltdOrgOffcrTrstKyEmpl.CmpnstnBsdOnRltdOrgsAmt,/IRS990ScheduleJ/RltdOrgOfficerTrstKeyEmplGrp/CompensationBasedOnRltdOrgsAmt,True,SkdJRltdOrgOffcrTrstKyEmpl,11
IRS990ScheduleJ,Part II Column (B)(ii),Part II contents; Bonus and incentive compensation ($) from filing organization,0,SkdJRltdOrgOffcrTrstKyEmpl.BnsFlngOrgnztnAmnt,/IRS990ScheduleJ/RltdOrgOfficerTrstKeyEmplGrp/BonusFilingOrganizationAmount,True,SkdJRltdOrgOffcrTrstKyEmpl,11
IRS990ScheduleJ,Part II Column (B)(ii),Part II contents; Bonus and incentive compensation ($) from related organizations,268324,SkdJRltdOrgOffcrTrstKyEmpl.BnsRltdOrgnztnsAmt,/IRS990ScheduleJ/RltdOrgOfficerTrstKeyEmplGrp/BonusRelatedOrganizationsAmt,True,SkdJRltdOrgOffcrTrstKyEmpl,11
IRS990ScheduleJ,Part II Column (B)(iii),Part II contents; Other compensation ($) from filing organization,0,SkdJRltdOrgOffcrTrstKyEmpl.OthrCmpnstnFlngOrgAmt,/IRS990ScheduleJ/RltdOrgOfficerTrstKeyEmplGrp/OtherCompensationFilingOrgAmt,True,SkdJRltdOrgOffcrTrstKyEmpl,11
IRS990ScheduleJ,Part II Column (B)(iii),Part II contents; Other compensation ($) from related organizations,37512,SkdJRltdOrgOffcrTrstKyEmpl.OthrCmpnstnRltdOrgsAmt,/IRS990ScheduleJ/RltdOrgOfficerTrstKeyEmplGrp/OtherCompensationRltdOrgsAmt,True,SkdJRltdOrgOffcrTrstKyEmpl,11
IRS990ScheduleJ,Part II Column (C),Part II contents; Deferred compensation ($) from filing organization,0,SkdJRltdOrgOffcrTrstKyEmpl.DfrrdCmpnstnFlngOrgAmt,/IRS990ScheduleJ/RltdOrgOfficerTrstKeyEmplGrp/DeferredCompensationFlngOrgAmt,True,SkdJRltdOrgOffcrTrstKyEmpl,11
IRS990ScheduleJ,Part II Column (C),Part II contents; Deferred compensation ($) from related organizations,133541,SkdJRltdOrgOffcrTrstKyEmpl.DfrrdCmpRltdOrgsAmt,/IRS990ScheduleJ/RltdOrgOfficerTrstKeyEmplGrp/DeferredCompRltdOrgsAmt,True,SkdJRltdOrgOffcrTrstKyEmpl,11
IRS990ScheduleJ,Part II Column (D),Part II contents; Nontaxable benefits ($) from filing organization,0,SkdJRltdOrgOffcrTrstKyEmpl.NntxblBnftsFlngOrgAmt,/IRS990ScheduleJ/RltdOrgOfficerTrstKeyEmplGrp/NontaxableBenefitsFilingOrgAmt,True,SkdJRltdOrgOffcrTrstKyEmpl,11
IRS990ScheduleJ,Part II Column (D),Part II contents; Nontaxable benefits ($) from related organizations,19739,SkdJRltdOrgOffcrTrstKyEmpl.NntxblBnftsRltdOrgsAmt,/IRS990ScheduleJ/RltdOrgOfficerTrstKeyEmplGrp/NontaxableBenefitsRltdOrgsAmt,True,SkdJRltdOrgOffcrTrstKyEmpl,11
IRS990ScheduleJ,Part II Column (E),"Part II contents; Total of (B)(i) - (D), from filing org",0,SkdJRltdOrgOffcrTrstKyEmpl.TtlCmpnstnFlngOrgAmt,/IRS990ScheduleJ/RltdOrgOfficerTrstKeyEmplGrp/TotalCompensationFilingOrgAmt,True,SkdJRltdOrgOffcrTrstKyEmpl,11
IRS990ScheduleJ,Part II Column (E),"Part II contents; Total of (B)(i) - (D), from related orgs",934648,SkdJRltdOrgOffcrTrstKyEmpl.TtlCmpnstnRltdOrgsAmt,/IRS990ScheduleJ/RltdOrgOfficerTrstKeyEmplGrp/TotalCompensationRltdOrgsAmt,True,SkdJRltdOrgOffcrTrstKyEmpl,11
IRS990ScheduleJ,Part II Column (F),Part II contents; Comp reported prior 990 - from filing org,0,SkdJRltdOrgOffcrTrstKyEmpl.CmpRprtPrr990FlngOrgAmt,/IRS990ScheduleJ/RltdOrgOfficerTrstKeyEmplGrp/CompReportPrior990FilingOrgAmt,True,SkdJRltdOrgOffcrTrstKyEmpl,11
IRS990ScheduleJ,Part II Column (F),Part II contents; Comp reported prior 990 - from related orgs,22425,SkdJRltdOrgOffcrTrstKyEmpl.CmpRprtPrr990RltdOrgsAmt,/IRS990ScheduleJ/RltdOrgOfficerTrstKeyEmplGrp/CompReportPrior990RltdOrgsAmt,True,SkdJRltdOrgOffcrTrstKyEmpl,11
IRS990ScheduleJ,Part II Column (A),Part II contents; Name of officer - person,Anne Platt,SkdJRltdOrgOffcrTrstKyEmpl.PrsnNm,/IRS990ScheduleJ/RltdOrgOfficerTrstKeyEmplGrp/PersonNm,True,SkdJRltdOrgOffcrTrstKyEmpl,12
IRS990ScheduleJ,Part II Column (A),Part II contents; Title of Officer,"CEO, SUTTER AMADOR HOSPITAL",SkdJRltdOrgOffcrTrstKyEmpl.TtlTxt,/IRS990ScheduleJ/RltdOrgOfficerTrstKeyEmplGrp/TitleTxt,True,SkdJRltdOrgOffcrTrstKyEmpl,12
IRS990ScheduleJ,Part II Column (B)(i),Part II contents; Base compensation ($) from filing organization,0,SkdJRltdOrgOffcrTrstKyEmpl.BsCmpnstnFlngOrgAmt,/IRS990ScheduleJ/RltdOrgOfficerTrstKeyEmplGrp/BaseCompensationFilingOrgAmt,True,SkdJRltdOrgOffcrTrstKyEmpl,12
IRS990ScheduleJ,Part II Column (B)(i),Part II contents; Compensation based on related organizations?,267467,SkdJRltdOrgOffcrTrstKyEmpl.CmpnstnBsdOnRltdOrgsAmt,/IRS990ScheduleJ/RltdOrgOfficerTrstKeyEmplGrp/CompensationBasedOnRltdOrgsAmt,True,SkdJRltdOrgOffcrTrstKyEmpl,12
IRS990ScheduleJ,Part II Column (B)(ii),Part II contents; Bonus and incentive compensation ($) from filing organization,0,SkdJRltdOrgOffcrTrstKyEmpl.BnsFlngOrgnztnAmnt,/IRS990ScheduleJ/RltdOrgOfficerTrstKeyEmplGrp/BonusFilingOrganizationAmount,True,SkdJRltdOrgOffcrTrstKyEmpl,12
IRS990ScheduleJ,Part II Column (B)(ii),Part II contents; Bonus and incentive compensation ($) from related organizations,157205,SkdJRltdOrgOffcrTrstKyEmpl.BnsRltdOrgnztnsAmt,/IRS990ScheduleJ/RltdOrgOfficerTrstKeyEmplGrp/BonusRelatedOrganizationsAmt,True,SkdJRltdOrgOffcrTrstKyEmpl,12
IRS990ScheduleJ,Part II Column (B)(iii),Part II contents; Other compensation ($) from filing organization,0,SkdJRltdOrgOffcrTrstKyEmpl.OthrCmpnstnFlngOrgAmt,/IRS990ScheduleJ/RltdOrgOfficerTrstKeyEmplGrp/OtherCompensationFilingOrgAmt,True,SkdJRltdOrgOffcrTrstKyEmpl,12
IRS990ScheduleJ,Part II Column (B)(iii),Part II contents; Other compensation ($) from related organizations,75281,SkdJRltdOrgOffcrTrstKyEmpl.OthrCmpnstnRltdOrgsAmt,/IRS990ScheduleJ/RltdOrgOfficerTrstKeyEmplGrp/OtherCompensationRltdOrgsAmt,True,SkdJRltdOrgOffcrTrstKyEmpl,12
IRS990ScheduleJ,Part II Column (C),Part II contents; Deferred compensation ($) from filing organization,0,SkdJRltdOrgOffcrTrstKyEmpl.DfrrdCmpnstnFlngOrgAmt,/IRS990ScheduleJ/RltdOrgOfficerTrstKeyEmplGrp/DeferredCompensationFlngOrgAmt,True,SkdJRltdOrgOffcrTrstKyEmpl,12
IRS990ScheduleJ,Part II Column (C),Part II contents; Deferred compensation ($) from related organizations,62144,SkdJRltdOrgOffcrTrstKyEmpl.DfrrdCmpRltdOrgsAmt,/IRS990ScheduleJ/RltdOrgOfficerTrstKeyEmplGrp/DeferredCompRltdOrgsAmt,True,SkdJRltdOrgOffcrTrstKyEmpl,12
IRS990ScheduleJ,Part II Column (D),Part II contents; Nontaxable benefits ($) from filing organization,0,SkdJRltdOrgOffcrTrstKyEmpl.NntxblBnftsFlngOrgAmt,/IRS990ScheduleJ/RltdOrgOfficerTrstKeyEmplGrp/NontaxableBenefitsFilingOrgAmt,True,SkdJRltdOrgOffcrTrstKyEmpl,12
IRS990ScheduleJ,Part II Column (D),Part II contents; Nontaxable benefits ($) from related organizations,17169,SkdJRltdOrgOffcrTrstKyEmpl.NntxblBnftsRltdOrgsAmt,/IRS990ScheduleJ/RltdOrgOfficerTrstKeyEmplGrp/NontaxableBenefitsRltdOrgsAmt,True,SkdJRltdOrgOffcrTrstKyEmpl,12
IRS990ScheduleJ,Part II Column (E),"Part II contents; Total of (B)(i) - (D), from filing org",0,SkdJRltdOrgOffcrTrstKyEmpl.TtlCmpnstnFlngOrgAmt,/IRS990ScheduleJ/RltdOrgOfficerTrstKeyEmplGrp/TotalCompensationFilingOrgAmt,True,SkdJRltdOrgOffcrTrstKyEmpl,12
IRS990ScheduleJ,Part II Column (E),"Part II contents; Total of (B)(i) - (D), from related orgs",579266,SkdJRltdOrgOffcrTrstKyEmpl.TtlCmpnstnRltdOrgsAmt,/IRS990ScheduleJ/RltdOrgOfficerTrstKeyEmplGrp/TotalCompensationRltdOrgsAmt,True,SkdJRltdOrgOffcrTrstKyEmpl,12
IRS990ScheduleJ,Part II Column (F),Part II contents; Comp reported prior 990 - from filing org,0,SkdJRltdOrgOffcrTrstKyEmpl.CmpRprtPrr990FlngOrgAmt,/IRS990ScheduleJ/RltdOrgOfficerTrstKeyEmplGrp/CompReportPrior990FilingOrgAmt,True,SkdJRltdOrgOffcrTrstKyEmpl,12
IRS990ScheduleJ,Part II Column (F),Part II contents; Comp reported prior 990 - from related orgs,47507,SkdJRltdOrgOffcrTrstKyEmpl.CmpRprtPrr990RltdOrgsAmt,/IRS990ScheduleJ/RltdOrgOfficerTrstKeyEmplGrp/CompReportPrior990RltdOrgsAmt,True,SkdJRltdOrgOffcrTrstKyEmpl,12
IRS990ScheduleJ,Part II Column (A),Part II contents; Name of officer - person,Thomas Ream II,SkdJRltdOrgOffcrTrstKyEmpl.PrsnNm,/IRS990ScheduleJ/RltdOrgOfficerTrstKeyEmplGrp/PersonNm,True,SkdJRltdOrgOffcrTrstKyEmpl,13
IRS990ScheduleJ,Part II Column (A),Part II contents; Title of Officer,"Reg CIO, Sac Sierra Region",SkdJRltdOrgOffcrTrstKyEmpl.TtlTxt,/IRS990ScheduleJ/RltdOrgOfficerTrstKeyEmplGrp/TitleTxt,True,SkdJRltdOrgOffcrTrstKyEmpl,13
IRS990ScheduleJ,Part II Column (B)(i),Part II contents; Base compensation ($) from filing organization,0,SkdJRltdOrgOffcrTrstKyEmpl.BsCmpnstnFlngOrgAmt,/IRS990ScheduleJ/RltdOrgOfficerTrstKeyEmplGrp/BaseCompensationFilingOrgAmt,True,SkdJRltdOrgOffcrTrstKyEmpl,13
IRS990ScheduleJ,Part II Column (B)(i),Part II contents; Compensation based on related organizations?,223039,SkdJRltdOrgOffcrTrstKyEmpl.CmpnstnBsdOnRltdOrgsAmt,/IRS990ScheduleJ/RltdOrgOfficerTrstKeyEmplGrp/CompensationBasedOnRltdOrgsAmt,True,SkdJRltdOrgOffcrTrstKyEmpl,13
IRS990ScheduleJ,Part II Column (B)(ii),Part II contents; Bonus and incentive compensation ($) from filing organization,0,SkdJRltdOrgOffcrTrstKyEmpl.BnsFlngOrgnztnAmnt,/IRS990ScheduleJ/RltdOrgOfficerTrstKeyEmplGrp/BonusFilingOrganizationAmount,True,SkdJRltdOrgOffcrTrstKyEmpl,13
IRS990ScheduleJ,Part II Column (B)(ii),Part II contents; Bonus and incentive compensation ($) from related organizations,132018,SkdJRltdOrgOffcrTrstKyEmpl.BnsRltdOrgnztnsAmt,/IRS990ScheduleJ/RltdOrgOfficerTrstKeyEmplGrp/BonusRelatedOrganizationsAmt,True,SkdJRltdOrgOffcrTrstKyEmpl,13
IRS990ScheduleJ,Part II Column (B)(iii),Part II contents; Other compensation ($) from filing organization,0,SkdJRltdOrgOffcrTrstKyEmpl.OthrCmpnstnFlngOrgAmt,/IRS990ScheduleJ/RltdOrgOfficerTrstKeyEmplGrp/OtherCompensationFilingOrgAmt,True,SkdJRltdOrgOffcrTrstKyEmpl,13
IRS990ScheduleJ,Part II Column (B)(iii),Part II contents; Other compensation ($) from related organizations,14308,SkdJRltdOrgOffcrTrstKyEmpl.OthrCmpnstnRltdOrgsAmt,/IRS990ScheduleJ/RltdOrgOfficerTrstKeyEmplGrp/OtherCompensationRltdOrgsAmt,True,SkdJRltdOrgOffcrTrstKyEmpl,13
IRS990ScheduleJ,Part II Column (C),Part II contents; Deferred compensation ($) from filing organization,0,SkdJRltdOrgOffcrTrstKyEmpl.DfrrdCmpnstnFlngOrgAmt,/IRS990ScheduleJ/RltdOrgOfficerTrstKeyEmplGrp/DeferredCompensationFlngOrgAmt,True,SkdJRltdOrgOffcrTrstKyEmpl,13
IRS990ScheduleJ,Part II Column (C),Part II contents; Deferred compensation ($) from related organizations,45748,SkdJRltdOrgOffcrTrstKyEmpl.DfrrdCmpRltdOrgsAmt,/IRS990ScheduleJ/RltdOrgOfficerTrstKeyEmplGrp/DeferredCompRltdOrgsAmt,True,SkdJRltdOrgOffcrTrstKyEmpl,13
IRS990ScheduleJ,Part II Column (D),Part II contents; Nontaxable benefits ($) from filing organization,0,SkdJRltdOrgOffcrTrstKyEmpl.NntxblBnftsFlngOrgAmt,/IRS990ScheduleJ/RltdOrgOfficerTrstKeyEmplGrp/NontaxableBenefitsFilingOrgAmt,True,SkdJRltdOrgOffcrTrstKyEmpl,13
IRS990ScheduleJ,Part II Column (D),Part II contents; Nontaxable benefits ($) from related organizations,9734,SkdJRltdOrgOffcrTrstKyEmpl.NntxblBnftsRltdOrgsAmt,/IRS990ScheduleJ/RltdOrgOfficerTrstKeyEmplGrp/NontaxableBenefitsRltdOrgsAmt,True,SkdJRltdOrgOffcrTrstKyEmpl,13
IRS990ScheduleJ,Part II Column (E),"Part II contents; Total of (B)(i) - (D), from filing org",0,SkdJRltdOrgOffcrTrstKyEmpl.TtlCmpnstnFlngOrgAmt,/IRS990ScheduleJ/RltdOrgOfficerTrstKeyEmplGrp/TotalCompensationFilingOrgAmt,True,SkdJRltdOrgOffcrTrstKyEmpl,13
IRS990ScheduleJ,Part II Column (E),"Part II contents; Total of (B)(i) - (D), from related orgs",424847,SkdJRltdOrgOffcrTrstKyEmpl.TtlCmpnstnRltdOrgsAmt,/IRS990ScheduleJ/RltdOrgOfficerTrstKeyEmplGrp/TotalCompensationRltdOrgsAmt,True,SkdJRltdOrgOffcrTrstKyEmpl,13
IRS990ScheduleJ,Part II Column (F),Part II contents; Comp reported prior 990 - from filing org,0,SkdJRltdOrgOffcrTrstKyEmpl.CmpRprtPrr990FlngOrgAmt,/IRS990ScheduleJ/RltdOrgOfficerTrstKeyEmplGrp/CompReportPrior990FilingOrgAmt,True,SkdJRltdOrgOffcrTrstKyEmpl,13
IRS990ScheduleJ,Part II Column (F),Part II contents; Comp reported prior 990 - from related orgs,9600,SkdJRltdOrgOffcrTrstKyEmpl.CmpRprtPrr990RltdOrgsAmt,/IRS990ScheduleJ/RltdOrgOfficerTrstKeyEmplGrp/CompReportPrior990RltdOrgsAmt,True,SkdJRltdOrgOffcrTrstKyEmpl,13
IRS990ScheduleJ,Part II Column (A),Part II contents; Name of officer - person,Jeffrey Sprague,SkdJRltdOrgOffcrTrstKyEmpl.PrsnNm,/IRS990ScheduleJ/RltdOrgOfficerTrstKeyEmplGrp/PersonNm,True,SkdJRltdOrgOffcrTrstKyEmpl,14
IRS990ScheduleJ,Part II Column (A),Part II contents; Title of Officer,"CFO, Sac Sierra Region (Pt Yr)",SkdJRltdOrgOffcrTrstKyEmpl.TtlTxt,/IRS990ScheduleJ/RltdOrgOfficerTrstKeyEmplGrp/TitleTxt,True,SkdJRltdOrgOffcrTrstKyEmpl,14
IRS990ScheduleJ,Part II Column (B)(i),Part II contents; Base compensation ($) from filing organization,0,SkdJRltdOrgOffcrTrstKyEmpl.BsCmpnstnFlngOrgAmt,/IRS990ScheduleJ/RltdOrgOfficerTrstKeyEmplGrp/BaseCompensationFilingOrgAmt,True,SkdJRltdOrgOffcrTrstKyEmpl,14
IRS990ScheduleJ,Part II Column (B)(i),Part II contents; Compensation based on related organizations?,560401,SkdJRltdOrgOffcrTrstKyEmpl.CmpnstnBsdOnRltdOrgsAmt,/IRS990ScheduleJ/RltdOrgOfficerTrstKeyEmplGrp/CompensationBasedOnRltdOrgsAmt,True,SkdJRltdOrgOffcrTrstKyEmpl,14
IRS990ScheduleJ,Part II Column (B)(ii),Part II contents; Bonus and incentive compensation ($) from filing organization,0,SkdJRltdOrgOffcrTrstKyEmpl.BnsFlngOrgnztnAmnt,/IRS990ScheduleJ/RltdOrgOfficerTrstKeyEmplGrp/BonusFilingOrganizationAmount,True,SkdJRltdOrgOffcrTrstKyEmpl,14
IRS990ScheduleJ,Part II Column (B)(ii),Part II contents; Bonus and incentive compensation ($) from related organizations,340633,SkdJRltdOrgOffcrTrstKyEmpl.BnsRltdOrgnztnsAmt,/IRS990ScheduleJ/RltdOrgOfficerTrstKeyEmplGrp/BonusRelatedOrganizationsAmt,True,SkdJRltdOrgOffcrTrstKyEmpl,14
IRS990ScheduleJ,Part II Column (B)(iii),Part II contents; Other compensation ($) from filing organization,0,SkdJRltdOrgOffcrTrstKyEmpl.OthrCmpnstnFlngOrgAmt,/IRS990ScheduleJ/RltdOrgOfficerTrstKeyEmplGrp/OtherCompensationFilingOrgAmt,True,SkdJRltdOrgOffcrTrstKyEmpl,14
IRS990ScheduleJ,Part II Column (B)(iii),Part II contents; Other compensation ($) from related organizations,153835,SkdJRltdOrgOffcrTrstKyEmpl.OthrCmpnstnRltdOrgsAmt,/IRS990ScheduleJ/RltdOrgOfficerTrstKeyEmplGrp/OtherCompensationRltdOrgsAmt,True,SkdJRltdOrgOffcrTrstKyEmpl,14
IRS990ScheduleJ,Part II Column (C),Part II contents; Deferred compensation ($) from filing organization,0,SkdJRltdOrgOffcrTrstKyEmpl.DfrrdCmpnstnFlngOrgAmt,/IRS990ScheduleJ/RltdOrgOfficerTrstKeyEmplGrp/DeferredCompensationFlngOrgAmt,True,SkdJRltdOrgOffcrTrstKyEmpl,14
IRS990ScheduleJ,Part II Column (C),Part II contents; Deferred compensation ($) from related organizations,379654,SkdJRltdOrgOffcrTrstKyEmpl.DfrrdCmpRltdOrgsAmt,/IRS990ScheduleJ/RltdOrgOfficerTrstKeyEmplGrp/DeferredCompRltdOrgsAmt,True,SkdJRltdOrgOffcrTrstKyEmpl,14
IRS990ScheduleJ,Part II Column (D),Part II contents; Nontaxable benefits ($) from filing organization,0,SkdJRltdOrgOffcrTrstKyEmpl.NntxblBnftsFlngOrgAmt,/IRS990ScheduleJ/RltdOrgOfficerTrstKeyEmplGrp/NontaxableBenefitsFilingOrgAmt,True,SkdJRltdOrgOffcrTrstKyEmpl,14
IRS990ScheduleJ,Part II Column (D),Part II contents; Nontaxable benefits ($) from related organizations,19907,SkdJRltdOrgOffcrTrstKyEmpl.NntxblBnftsRltdOrgsAmt,/IRS990ScheduleJ/RltdOrgOfficerTrstKeyEmplGrp/NontaxableBenefitsRltdOrgsAmt,True,SkdJRltdOrgOffcrTrstKyEmpl,14
IRS990ScheduleJ,Part II Column (E),"Part II contents; Total of (B)(i) - (D), from filing org",0,SkdJRltdOrgOffcrTrstKyEmpl.TtlCmpnstnFlngOrgAmt,/IRS990ScheduleJ/RltdOrgOfficerTrstKeyEmplGrp/TotalCompensationFilingOrgAmt,True,SkdJRltdOrgOffcrTrstKyEmpl,14
IRS990ScheduleJ,Part II Column (E),"Part II contents; Total of (B)(i) - (D), from related orgs",1454430,SkdJRltdOrgOffcrTrstKyEmpl.TtlCmpnstnRltdOrgsAmt,/IRS990ScheduleJ/RltdOrgOfficerTrstKeyEmplGrp/TotalCompensationRltdOrgsAmt,True,SkdJRltdOrgOffcrTrstKyEmpl,14
IRS990ScheduleJ,Part II Column (F),Part II contents; Comp reported prior 990 - from filing org,0,SkdJRltdOrgOffcrTrstKyEmpl.CmpRprtPrr990FlngOrgAmt,/IRS990ScheduleJ/RltdOrgOfficerTrstKeyEmplGrp/CompReportPrior990FilingOrgAmt,True,SkdJRltdOrgOffcrTrstKyEmpl,14
IRS990ScheduleJ,Part II Column (F),Part II contents; Comp reported prior 990 - from related orgs,146695,SkdJRltdOrgOffcrTrstKyEmpl.CmpRprtPrr990RltdOrgsAmt,/IRS990ScheduleJ/RltdOrgOfficerTrstKeyEmplGrp/CompReportPrior990RltdOrgsAmt,True,SkdJRltdOrgOffcrTrstKyEmpl,14
IRS990ScheduleJ,Part II Column (A),Part II contents; Name of officer - person,Jeffrey Szczesny,SkdJRltdOrgOffcrTrstKyEmpl.PrsnNm,/IRS990ScheduleJ/RltdOrgOfficerTrstKeyEmplGrp/PersonNm,True,SkdJRltdOrgOffcrTrstKyEmpl,15
IRS990ScheduleJ,Part II Column (A),Part II contents; Title of Officer,"Reg VP HR, Sac Sierra Region",SkdJRltdOrgOffcrTrstKyEmpl.TtlTxt,/IRS990ScheduleJ/RltdOrgOfficerTrstKeyEmplGrp/TitleTxt,True,SkdJRltdOrgOffcrTrstKyEmpl,15
IRS990ScheduleJ,Part II Column (B)(i),Part II contents; Base compensation ($) from filing organization,0,SkdJRltdOrgOffcrTrstKyEmpl.BsCmpnstnFlngOrgAmt,/IRS990ScheduleJ/RltdOrgOfficerTrstKeyEmplGrp/BaseCompensationFilingOrgAmt,True,SkdJRltdOrgOffcrTrstKyEmpl,15
IRS990ScheduleJ,Part II Column (B)(i),Part II contents; Compensation based on related organizations?,325405,SkdJRltdOrgOffcrTrstKyEmpl.CmpnstnBsdOnRltdOrgsAmt,/IRS990ScheduleJ/RltdOrgOfficerTrstKeyEmplGrp/CompensationBasedOnRltdOrgsAmt,True,SkdJRltdOrgOffcrTrstKyEmpl,15
IRS990ScheduleJ,Part II Column (B)(ii),Part II contents; Bonus and incentive compensation ($) from filing organization,0,SkdJRltdOrgOffcrTrstKyEmpl.BnsFlngOrgnztnAmnt,/IRS990ScheduleJ/RltdOrgOfficerTrstKeyEmplGrp/BonusFilingOrganizationAmount,True,SkdJRltdOrgOffcrTrstKyEmpl,15
IRS990ScheduleJ,Part II Column (B)(ii),Part II contents; Bonus and incentive compensation ($) from related organizations,189576,SkdJRltdOrgOffcrTrstKyEmpl.BnsRltdOrgnztnsAmt,/IRS990ScheduleJ/RltdOrgOfficerTrstKeyEmplGrp/BonusRelatedOrganizationsAmt,True,SkdJRltdOrgOffcrTrstKyEmpl,15
IRS990ScheduleJ,Part II Column (B)(iii),Part II contents; Other compensation ($) from filing organization,0,SkdJRltdOrgOffcrTrstKyEmpl.OthrCmpnstnFlngOrgAmt,/IRS990ScheduleJ/RltdOrgOfficerTrstKeyEmplGrp/OtherCompensationFilingOrgAmt,True,SkdJRltdOrgOffcrTrstKyEmpl,15
IRS990ScheduleJ,Part II Column (B)(iii),Part II contents; Other compensation ($) from related organizations,31347,SkdJRltdOrgOffcrTrstKyEmpl.OthrCmpnstnRltdOrgsAmt,/IRS990ScheduleJ/RltdOrgOfficerTrstKeyEmplGrp/OtherCompensationRltdOrgsAmt,True,SkdJRltdOrgOffcrTrstKyEmpl,15
IRS990ScheduleJ,Part II Column (C),Part II contents; Deferred compensation ($) from filing organization,0,SkdJRltdOrgOffcrTrstKyEmpl.DfrrdCmpnstnFlngOrgAmt,/IRS990ScheduleJ/RltdOrgOfficerTrstKeyEmplGrp/DeferredCompensationFlngOrgAmt,True,SkdJRltdOrgOffcrTrstKyEmpl,15
IRS990ScheduleJ,Part II Column (C),Part II contents; Deferred compensation ($) from related organizations,72021,SkdJRltdOrgOffcrTrstKyEmpl.DfrrdCmpRltdOrgsAmt,/IRS990ScheduleJ/RltdOrgOfficerTrstKeyEmplGrp/DeferredCompRltdOrgsAmt,True,SkdJRltdOrgOffcrTrstKyEmpl,15
IRS990ScheduleJ,Part II Column (D),Part II contents; Nontaxable benefits ($) from filing organization,0,SkdJRltdOrgOffcrTrstKyEmpl.NntxblBnftsFlngOrgAmt,/IRS990ScheduleJ/RltdOrgOfficerTrstKeyEmplGrp/NontaxableBenefitsFilingOrgAmt,True,SkdJRltdOrgOffcrTrstKyEmpl,15
IRS990ScheduleJ,Part II Column (D),Part II contents; Nontaxable benefits ($) from related organizations,15034,SkdJRltdOrgOffcrTrstKyEmpl.NntxblBnftsRltdOrgsAmt,/IRS990ScheduleJ/RltdOrgOfficerTrstKeyEmplGrp/NontaxableBenefitsRltdOrgsAmt,True,SkdJRltdOrgOffcrTrstKyEmpl,15
IRS990ScheduleJ,Part II Column (E),"Part II contents; Total of (B)(i) - (D), from filing org",0,SkdJRltdOrgOffcrTrstKyEmpl.TtlCmpnstnFlngOrgAmt,/IRS990ScheduleJ/RltdOrgOfficerTrstKeyEmplGrp/TotalCompensationFilingOrgAmt,True,SkdJRltdOrgOffcrTrstKyEmpl,15
IRS990ScheduleJ,Part II Column (E),"Part II contents; Total of (B)(i) - (D), from related orgs",633383,SkdJRltdOrgOffcrTrstKyEmpl.TtlCmpnstnRltdOrgsAmt,/IRS990ScheduleJ/RltdOrgOfficerTrstKeyEmplGrp/TotalCompensationRltdOrgsAmt,True,SkdJRltdOrgOffcrTrstKyEmpl,15
IRS990ScheduleJ,Part II Column (F),Part II contents; Comp reported prior 990 - from filing org,0,SkdJRltdOrgOffcrTrstKyEmpl.CmpRprtPrr990FlngOrgAmt,/IRS990ScheduleJ/RltdOrgOfficerTrstKeyEmplGrp/CompReportPrior990FilingOrgAmt,True,SkdJRltdOrgOffcrTrstKyEmpl,15
IRS990ScheduleJ,Part II Column (F),Part II contents; Comp reported prior 990 - from related orgs,21456,SkdJRltdOrgOffcrTrstKyEmpl.CmpRprtPrr990RltdOrgsAmt,/IRS990ScheduleJ/RltdOrgOfficerTrstKeyEmplGrp/CompReportPrior990RltdOrgsAmt,True,SkdJRltdOrgOffcrTrstKyEmpl,15
IRS990ScheduleJ,Part II Column (A),Part II contents; Name of officer - person,Paige Terra,SkdJRltdOrgOffcrTrstKyEmpl.PrsnNm,/IRS990ScheduleJ/RltdOrgOfficerTrstKeyEmplGrp/PersonNm,True,SkdJRltdOrgOffcrTrstKyEmpl,16
IRS990ScheduleJ,Part II Column (A),Part II contents; Title of Officer,CFO (Part Year),SkdJRltdOrgOffcrTrstKyEmpl.TtlTxt,/IRS990ScheduleJ/RltdOrgOfficerTrstKeyEmplGrp/TitleTxt,True,SkdJRltdOrgOffcrTrstKyEmpl,16
IRS990ScheduleJ,Part II Column (B)(i),Part II contents; Base compensation ($) from filing organization,0,SkdJRltdOrgOffcrTrstKyEmpl.BsCmpnstnFlngOrgAmt,/IRS990ScheduleJ/RltdOrgOfficerTrstKeyEmplGrp/BaseCompensationFilingOrgAmt,True,SkdJRltdOrgOffcrTrstKyEmpl,16
IRS990ScheduleJ,Part II Column (B)(i),Part II contents; Compensation based on related organizations?,349201,SkdJRltdOrgOffcrTrstKyEmpl.CmpnstnBsdOnRltdOrgsAmt,/IRS990ScheduleJ/RltdOrgOfficerTrstKeyEmplGrp/CompensationBasedOnRltdOrgsAmt,True,SkdJRltdOrgOffcrTrstKyEmpl,16
IRS990ScheduleJ,Part II Column (B)(ii),Part II contents; Bonus and incentive compensation ($) from filing organization,0,SkdJRltdOrgOffcrTrstKyEmpl.BnsFlngOrgnztnAmnt,/IRS990ScheduleJ/RltdOrgOfficerTrstKeyEmplGrp/BonusFilingOrganizationAmount,True,SkdJRltdOrgOffcrTrstKyEmpl,16
IRS990ScheduleJ,Part II Column (B)(ii),Part II contents; Bonus and incentive compensation ($) from related organizations,191624,SkdJRltdOrgOffcrTrstKyEmpl.BnsRltdOrgnztnsAmt,/IRS990ScheduleJ/RltdOrgOfficerTrstKeyEmplGrp/BonusRelatedOrganizationsAmt,True,SkdJRltdOrgOffcrTrstKyEmpl,16
IRS990ScheduleJ,Part II Column (B)(iii),Part II contents; Other compensation ($) from filing organization,0,SkdJRltdOrgOffcrTrstKyEmpl.OthrCmpnstnFlngOrgAmt,/IRS990ScheduleJ/RltdOrgOfficerTrstKeyEmplGrp/OtherCompensationFilingOrgAmt,True,SkdJRltdOrgOffcrTrstKyEmpl,16
IRS990ScheduleJ,Part II Column (B)(iii),Part II contents; Other compensation ($) from related organizations,14895,SkdJRltdOrgOffcrTrstKyEmpl.OthrCmpnstnRltdOrgsAmt,/IRS990ScheduleJ/RltdOrgOfficerTrstKeyEmplGrp/OtherCompensationRltdOrgsAmt,True,SkdJRltdOrgOffcrTrstKyEmpl,16
IRS990ScheduleJ,Part II Column (C),Part II contents; Deferred compensation ($) from filing organization,0,SkdJRltdOrgOffcrTrstKyEmpl.DfrrdCmpnstnFlngOrgAmt,/IRS990ScheduleJ/RltdOrgOfficerTrstKeyEmplGrp/DeferredCompensationFlngOrgAmt,True,SkdJRltdOrgOffcrTrstKyEmpl,16
IRS990ScheduleJ,Part II Column (C),Part II contents; Deferred compensation ($) from related organizations,86451,SkdJRltdOrgOffcrTrstKyEmpl.DfrrdCmpRltdOrgsAmt,/IRS990ScheduleJ/RltdOrgOfficerTrstKeyEmplGrp/DeferredCompRltdOrgsAmt,True,SkdJRltdOrgOffcrTrstKyEmpl,16
IRS990ScheduleJ,Part II Column (D),Part II contents; Nontaxable benefits ($) from filing organization,0,SkdJRltdOrgOffcrTrstKyEmpl.NntxblBnftsFlngOrgAmt,/IRS990ScheduleJ/RltdOrgOfficerTrstKeyEmplGrp/NontaxableBenefitsFilingOrgAmt,True,SkdJRltdOrgOffcrTrstKyEmpl,16
IRS990ScheduleJ,Part II Column (D),Part II contents; Nontaxable benefits ($) from related organizations,15117,SkdJRltdOrgOffcrTrstKyEmpl.NntxblBnftsRltdOrgsAmt,/IRS990ScheduleJ/RltdOrgOfficerTrstKeyEmplGrp/NontaxableBenefitsRltdOrgsAmt,True,SkdJRltdOrgOffcrTrstKyEmpl,16
IRS990ScheduleJ,Part II Column (E),"Part II contents; Total of (B)(i) - (D), from filing org",0,SkdJRltdOrgOffcrTrstKyEmpl.TtlCmpnstnFlngOrgAmt,/IRS990ScheduleJ/RltdOrgOfficerTrstKeyEmplGrp/TotalCompensationFilingOrgAmt,True,SkdJRltdOrgOffcrTrstKyEmpl,16
IRS990ScheduleJ,Part II Column (E),"Part II contents; Total of (B)(i) - (D), from related orgs",657288,SkdJRltdOrgOffcrTrstKyEmpl.TtlCmpnstnRltdOrgsAmt,/IRS990ScheduleJ/RltdOrgOfficerTrstKeyEmplGrp/TotalCompensationRltdOrgsAmt,True,SkdJRltdOrgOffcrTrstKyEmpl,16
IRS990ScheduleJ,Part II Column (F),Part II contents; Comp reported prior 990 - from filing org,0,SkdJRltdOrgOffcrTrstKyEmpl.CmpRprtPrr990FlngOrgAmt,/IRS990ScheduleJ/RltdOrgOfficerTrstKeyEmplGrp/CompReportPrior990FilingOrgAmt,True,SkdJRltdOrgOffcrTrstKyEmpl,16
IRS990ScheduleJ,Part II Column (F),Part II contents; Comp reported prior 990 - from related orgs,10967,SkdJRltdOrgOffcrTrstKyEmpl.CmpRprtPrr990RltdOrgsAmt,/IRS990ScheduleJ/RltdOrgOfficerTrstKeyEmplGrp/CompReportPrior990RltdOrgsAmt,True,SkdJRltdOrgOffcrTrstKyEmpl,16
IRS990ScheduleJ,Part II Column (A),Part II contents; Name of officer - person,Janet Wagner,SkdJRltdOrgOffcrTrstKyEmpl.PrsnNm,/IRS990ScheduleJ/RltdOrgOfficerTrstKeyEmplGrp/PersonNm,True,SkdJRltdOrgOffcrTrstKyEmpl,17
IRS990ScheduleJ,Part II Column (A),Part II contents; Title of Officer,"CAO, Sutter Davis Hospital",SkdJRltdOrgOffcrTrstKyEmpl.TtlTxt,/IRS990ScheduleJ/RltdOrgOfficerTrstKeyEmplGrp/TitleTxt,True,SkdJRltdOrgOffcrTrstKyEmpl,17
IRS990ScheduleJ,Part II Column (B)(i),Part II contents; Base compensation ($) from filing organization,0,SkdJRltdOrgOffcrTrstKyEmpl.BsCmpnstnFlngOrgAmt,/IRS990ScheduleJ/RltdOrgOfficerTrstKeyEmplGrp/BaseCompensationFilingOrgAmt,True,SkdJRltdOrgOffcrTrstKyEmpl,17
IRS990ScheduleJ,Part II Column (B)(i),Part II contents; Compensation based on related organizations?,313874,SkdJRltdOrgOffcrTrstKyEmpl.CmpnstnBsdOnRltdOrgsAmt,/IRS990ScheduleJ/RltdOrgOfficerTrstKeyEmplGrp/CompensationBasedOnRltdOrgsAmt,True,SkdJRltdOrgOffcrTrstKyEmpl,17
IRS990ScheduleJ,Part II Column (B)(ii),Part II contents; Bonus and incentive compensation ($) from filing organization,0,SkdJRltdOrgOffcrTrstKyEmpl.BnsFlngOrgnztnAmnt,/IRS990ScheduleJ/RltdOrgOfficerTrstKeyEmplGrp/BonusFilingOrganizationAmount,True,SkdJRltdOrgOffcrTrstKyEmpl,17
IRS990ScheduleJ,Part II Column (B)(ii),Part II contents; Bonus and incentive compensation ($) from related organizations,197846,SkdJRltdOrgOffcrTrstKyEmpl.BnsRltdOrgnztnsAmt,/IRS990ScheduleJ/RltdOrgOfficerTrstKeyEmplGrp/BonusRelatedOrganizationsAmt,True,SkdJRltdOrgOffcrTrstKyEmpl,17
IRS990ScheduleJ,Part II Column (B)(iii),Part II contents; Other compensation ($) from filing organization,0,SkdJRltdOrgOffcrTrstKyEmpl.OthrCmpnstnFlngOrgAmt,/IRS990ScheduleJ/RltdOrgOfficerTrstKeyEmplGrp/OtherCompensationFilingOrgAmt,True,SkdJRltdOrgOffcrTrstKyEmpl,17
IRS990ScheduleJ,Part II Column (B)(iii),Part II contents; Other compensation ($) from related organizations,40840,SkdJRltdOrgOffcrTrstKyEmpl.OthrCmpnstnRltdOrgsAmt,/IRS990ScheduleJ/RltdOrgOfficerTrstKeyEmplGrp/OtherCompensationRltdOrgsAmt,True,SkdJRltdOrgOffcrTrstKyEmpl,17
IRS990ScheduleJ,Part II Column (C),Part II contents; Deferred compensation ($) from filing organization,0,SkdJRltdOrgOffcrTrstKyEmpl.DfrrdCmpnstnFlngOrgAmt,/IRS990ScheduleJ/RltdOrgOfficerTrstKeyEmplGrp/DeferredCompensationFlngOrgAmt,True,SkdJRltdOrgOffcrTrstKyEmpl,17
IRS990ScheduleJ,Part II Column (C),Part II contents; Deferred compensation ($) from related organizations,179957,SkdJRltdOrgOffcrTrstKyEmpl.DfrrdCmpRltdOrgsAmt,/IRS990ScheduleJ/RltdOrgOfficerTrstKeyEmplGrp/DeferredCompRltdOrgsAmt,True,SkdJRltdOrgOffcrTrstKyEmpl,17
IRS990ScheduleJ,Part II Column (D),Part II contents; Nontaxable benefits ($) from filing organization,0,SkdJRltdOrgOffcrTrstKyEmpl.NntxblBnftsFlngOrgAmt,/IRS990ScheduleJ/RltdOrgOfficerTrstKeyEmplGrp/NontaxableBenefitsFilingOrgAmt,True,SkdJRltdOrgOffcrTrstKyEmpl,17
IRS990ScheduleJ,Part II Column (D),Part II contents; Nontaxable benefits ($) from related organizations,13468,SkdJRltdOrgOffcrTrstKyEmpl.NntxblBnftsRltdOrgsAmt,/IRS990ScheduleJ/RltdOrgOfficerTrstKeyEmplGrp/NontaxableBenefitsRltdOrgsAmt,True,SkdJRltdOrgOffcrTrstKyEmpl,17
IRS990ScheduleJ,Part II Column (E),"Part II contents; Total of (B)(i) - (D), from filing org",0,SkdJRltdOrgOffcrTrstKyEmpl.TtlCmpnstnFlngOrgAmt,/IRS990ScheduleJ/RltdOrgOfficerTrstKeyEmplGrp/TotalCompensationFilingOrgAmt,True,SkdJRltdOrgOffcrTrstKyEmpl,17
IRS990ScheduleJ,Part II Column (E),"Part II contents; Total of (B)(i) - (D), from related orgs",745985,SkdJRltdOrgOffcrTrstKyEmpl.TtlCmpnstnRltdOrgsAmt,/IRS990ScheduleJ/RltdOrgOfficerTrstKeyEmplGrp/TotalCompensationRltdOrgsAmt,True,SkdJRltdOrgOffcrTrstKyEmpl,17
IRS990ScheduleJ,Part II Column (F),Part II contents; Comp reported prior 990 - from filing org,0,SkdJRltdOrgOffcrTrstKyEmpl.CmpRprtPrr990FlngOrgAmt,/IRS990ScheduleJ/RltdOrgOfficerTrstKeyEmplGrp/CompReportPrior990FilingOrgAmt,True,SkdJRltdOrgOffcrTrstKyEmpl,17
IRS990ScheduleJ,Part II Column (F),Part II contents; Comp reported prior 990 - from related orgs,0,SkdJRltdOrgOffcrTrstKyEmpl.CmpRprtPrr990RltdOrgsAmt,/IRS990ScheduleJ/RltdOrgOfficerTrstKeyEmplGrp/CompReportPrior990RltdOrgsAmt,True,SkdJRltdOrgOffcrTrstKyEmpl,17
IRS990ScheduleJ,Part II Column (A),Part II contents; Name of officer - person,PENNY WESTFALL,SkdJRltdOrgOffcrTrstKyEmpl.PrsnNm,/IRS990ScheduleJ/RltdOrgOfficerTrstKeyEmplGrp/PersonNm,True,SkdJRltdOrgOffcrTrstKyEmpl,18
IRS990ScheduleJ,Part II Column (A),Part II contents; Title of Officer,"VP & REG COUNSEL, SSR",SkdJRltdOrgOffcrTrstKyEmpl.TtlTxt,/IRS990ScheduleJ/RltdOrgOfficerTrstKeyEmplGrp/TitleTxt,True,SkdJRltdOrgOffcrTrstKyEmpl,18
IRS990ScheduleJ,Part II Column (B)(i),Part II contents; Base compensation ($) from filing organization,0,SkdJRltdOrgOffcrTrstKyEmpl.BsCmpnstnFlngOrgAmt,/IRS990ScheduleJ/RltdOrgOfficerTrstKeyEmplGrp/BaseCompensationFilingOrgAmt,True,SkdJRltdOrgOffcrTrstKyEmpl,18
IRS990ScheduleJ,Part II Column (B)(i),Part II contents; Compensation based on related organizations?,340787,SkdJRltdOrgOffcrTrstKyEmpl.CmpnstnBsdOnRltdOrgsAmt,/IRS990ScheduleJ/RltdOrgOfficerTrstKeyEmplGrp/CompensationBasedOnRltdOrgsAmt,True,SkdJRltdOrgOffcrTrstKyEmpl,18
IRS990ScheduleJ,Part II Column (B)(ii),Part II contents; Bonus and incentive compensation ($) from filing organization,0,SkdJRltdOrgOffcrTrstKyEmpl.BnsFlngOrgnztnAmnt,/IRS990ScheduleJ/RltdOrgOfficerTrstKeyEmplGrp/BonusFilingOrganizationAmount,True,SkdJRltdOrgOffcrTrstKyEmpl,18
IRS990ScheduleJ,Part II Column (B)(ii),Part II contents; Bonus and incentive compensation ($) from related organizations,195043,SkdJRltdOrgOffcrTrstKyEmpl.BnsRltdOrgnztnsAmt,/IRS990ScheduleJ/RltdOrgOfficerTrstKeyEmplGrp/BonusRelatedOrganizationsAmt,True,SkdJRltdOrgOffcrTrstKyEmpl,18
IRS990ScheduleJ,Part II Column (B)(iii),Part II contents; Other compensation ($) from filing organization,0,SkdJRltdOrgOffcrTrstKyEmpl.OthrCmpnstnFlngOrgAmt,/IRS990ScheduleJ/RltdOrgOfficerTrstKeyEmplGrp/OtherCompensationFilingOrgAmt,True,SkdJRltdOrgOffcrTrstKyEmpl,18
IRS990ScheduleJ,Part II Column (B)(iii),Part II contents; Other compensation ($) from related organizations,28967,SkdJRltdOrgOffcrTrstKyEmpl.OthrCmpnstnRltdOrgsAmt,/IRS990ScheduleJ/RltdOrgOfficerTrstKeyEmplGrp/OtherCompensationRltdOrgsAmt,True,SkdJRltdOrgOffcrTrstKyEmpl,18
IRS990ScheduleJ,Part II Column (C),Part II contents; Deferred compensation ($) from filing organization,0,SkdJRltdOrgOffcrTrstKyEmpl.DfrrdCmpnstnFlngOrgAmt,/IRS990ScheduleJ/RltdOrgOfficerTrstKeyEmplGrp/DeferredCompensationFlngOrgAmt,True,SkdJRltdOrgOffcrTrstKyEmpl,18
IRS990ScheduleJ,Part II Column (C),Part II contents; Deferred compensation ($) from related organizations,62721,SkdJRltdOrgOffcrTrstKyEmpl.DfrrdCmpRltdOrgsAmt,/IRS990ScheduleJ/RltdOrgOfficerTrstKeyEmplGrp/DeferredCompRltdOrgsAmt,True,SkdJRltdOrgOffcrTrstKyEmpl,18
IRS990ScheduleJ,Part II Column (D),Part II contents; Nontaxable benefits ($) from filing organization,0,SkdJRltdOrgOffcrTrstKyEmpl.NntxblBnftsFlngOrgAmt,/IRS990ScheduleJ/RltdOrgOfficerTrstKeyEmplGrp/NontaxableBenefitsFilingOrgAmt,True,SkdJRltdOrgOffcrTrstKyEmpl,18
IRS990ScheduleJ,Part II Column (D),Part II contents; Nontaxable benefits ($) from related organizations,10671,SkdJRltdOrgOffcrTrstKyEmpl.NntxblBnftsRltdOrgsAmt,/IRS990ScheduleJ/RltdOrgOfficerTrstKeyEmplGrp/NontaxableBenefitsRltdOrgsAmt,True,SkdJRltdOrgOffcrTrstKyEmpl,18
IRS990ScheduleJ,Part II Column (E),"Part II contents; Total of (B)(i) - (D), from filing org",0,SkdJRltdOrgOffcrTrstKyEmpl.TtlCmpnstnFlngOrgAmt,/IRS990ScheduleJ/RltdOrgOfficerTrstKeyEmplGrp/TotalCompensationFilingOrgAmt,True,SkdJRltdOrgOffcrTrstKyEmpl,18
IRS990ScheduleJ,Part II Column (E),"Part II contents; Total of (B)(i) - (D), from related orgs",638189,SkdJRltdOrgOffcrTrstKyEmpl.TtlCmpnstnRltdOrgsAmt,/IRS990ScheduleJ/RltdOrgOfficerTrstKeyEmplGrp/TotalCompensationRltdOrgsAmt,True,SkdJRltdOrgOffcrTrstKyEmpl,18
IRS990ScheduleJ,Part II Column (F),Part II contents; Comp reported prior 990 - from filing org,0,SkdJRltdOrgOffcrTrstKyEmpl.CmpRprtPrr990FlngOrgAmt,/IRS990ScheduleJ/RltdOrgOfficerTrstKeyEmplGrp/CompReportPrior990FilingOrgAmt,True,SkdJRltdOrgOffcrTrstKyEmpl,18
IRS990ScheduleJ,Part II Column (F),Part II contents; Comp reported prior 990 - from related orgs,0,SkdJRltdOrgOffcrTrstKyEmpl.CmpRprtPrr990RltdOrgsAmt,/IRS990ScheduleJ/RltdOrgOfficerTrstKeyEmplGrp/CompReportPrior990RltdOrgsAmt,True,SkdJRltdOrgOffcrTrstKyEmpl,18
IRS990ScheduleJ,Part II Column (A),Part II contents; Name of officer - person,BARBARA NELSON,SkdJRltdOrgOffcrTrstKyEmpl.PrsnNm,/IRS990ScheduleJ/RltdOrgOfficerTrstKeyEmplGrp/PersonNm,True,SkdJRltdOrgOffcrTrstKyEmpl,19
IRS990ScheduleJ,Part II Column (A),Part II contents; Title of Officer,"CNE, SUTTER ROSEVILLE MED. CTR",SkdJRltdOrgOffcrTrstKyEmpl.TtlTxt,/IRS990ScheduleJ/RltdOrgOfficerTrstKeyEmplGrp/TitleTxt,True,SkdJRltdOrgOffcrTrstKyEmpl,19
IRS990ScheduleJ,Part II Column (B)(i),Part II contents; Base compensation ($) from filing organization,0,SkdJRltdOrgOffcrTrstKyEmpl.BsCmpnstnFlngOrgAmt,/IRS990ScheduleJ/RltdOrgOfficerTrstKeyEmplGrp/BaseCompensationFilingOrgAmt,True,SkdJRltdOrgOffcrTrstKyEmpl,19
IRS990ScheduleJ,Part II Column (B)(i),Part II contents; Compensation based on related organizations?,276834,SkdJRltdOrgOffcrTrstKyEmpl.CmpnstnBsdOnRltdOrgsAmt,/IRS990ScheduleJ/RltdOrgOfficerTrstKeyEmplGrp/CompensationBasedOnRltdOrgsAmt,True,SkdJRltdOrgOffcrTrstKyEmpl,19
IRS990ScheduleJ,Part II Column (B)(ii),Part II contents; Bonus and incentive compensation ($) from filing organization,0,SkdJRltdOrgOffcrTrstKyEmpl.BnsFlngOrgnztnAmnt,/IRS990ScheduleJ/RltdOrgOfficerTrstKeyEmplGrp/BonusFilingOrganizationAmount,True,SkdJRltdOrgOffcrTrstKyEmpl,19
IRS990ScheduleJ,Part II Column (B)(ii),Part II contents; Bonus and incentive compensation ($) from related organizations,98292,SkdJRltdOrgOffcrTrstKyEmpl.BnsRltdOrgnztnsAmt,/IRS990ScheduleJ/RltdOrgOfficerTrstKeyEmplGrp/BonusRelatedOrganizationsAmt,True,SkdJRltdOrgOffcrTrstKyEmpl,19
IRS990ScheduleJ,Part II Column (B)(iii),Part II contents; Other compensation ($) from filing organization,0,SkdJRltdOrgOffcrTrstKyEmpl.OthrCmpnstnFlngOrgAmt,/IRS990ScheduleJ/RltdOrgOfficerTrstKeyEmplGrp/OtherCompensationFilingOrgAmt,True,SkdJRltdOrgOffcrTrstKyEmpl,19
IRS990ScheduleJ,Part II Column (B)(iii),Part II contents; Other compensation ($) from related organizations,24266,SkdJRltdOrgOffcrTrstKyEmpl.OthrCmpnstnRltdOrgsAmt,/IRS990ScheduleJ/RltdOrgOfficerTrstKeyEmplGrp/OtherCompensationRltdOrgsAmt,True,SkdJRltdOrgOffcrTrstKyEmpl,19
IRS990ScheduleJ,Part II Column (C),Part II contents; Deferred compensation ($) from filing organization,0,SkdJRltdOrgOffcrTrstKyEmpl.DfrrdCmpnstnFlngOrgAmt,/IRS990ScheduleJ/RltdOrgOfficerTrstKeyEmplGrp/DeferredCompensationFlngOrgAmt,True,SkdJRltdOrgOffcrTrstKyEmpl,19
IRS990ScheduleJ,Part II Column (C),Part II contents; Deferred compensation ($) from related organizations,43692,SkdJRltdOrgOffcrTrstKyEmpl.DfrrdCmpRltdOrgsAmt,/IRS990ScheduleJ/RltdOrgOfficerTrstKeyEmplGrp/DeferredCompRltdOrgsAmt,True,SkdJRltdOrgOffcrTrstKyEmpl,19
IRS990ScheduleJ,Part II Column (D),Part II contents; Nontaxable benefits ($) from filing organization,0,SkdJRltdOrgOffcrTrstKyEmpl.NntxblBnftsFlngOrgAmt,/IRS990ScheduleJ/RltdOrgOfficerTrstKeyEmplGrp/NontaxableBenefitsFilingOrgAmt,True,SkdJRltdOrgOffcrTrstKyEmpl,19
IRS990ScheduleJ,Part II Column (D),Part II contents; Nontaxable benefits ($) from related organizations,7382,SkdJRltdOrgOffcrTrstKyEmpl.NntxblBnftsRltdOrgsAmt,/IRS990ScheduleJ/RltdOrgOfficerTrstKeyEmplGrp/NontaxableBenefitsRltdOrgsAmt,True,SkdJRltdOrgOffcrTrstKyEmpl,19
IRS990ScheduleJ,Part II Column (E),"Part II contents; Total of (B)(i) - (D), from filing org",0,SkdJRltdOrgOffcrTrstKyEmpl.TtlCmpnstnFlngOrgAmt,/IRS990ScheduleJ/RltdOrgOfficerTrstKeyEmplGrp/TotalCompensationFilingOrgAmt,True,SkdJRltdOrgOffcrTrstKyEmpl,19
IRS990ScheduleJ,Part II Column (E),"Part II contents; Total of (B)(i) - (D), from related orgs",450466,SkdJRltdOrgOffcrTrstKyEmpl.TtlCmpnstnRltdOrgsAmt,/IRS990ScheduleJ/RltdOrgOfficerTrstKeyEmplGrp/TotalCompensationRltdOrgsAmt,True,SkdJRltdOrgOffcrTrstKyEmpl,19
IRS990ScheduleJ,Part II Column (F),Part II contents; Comp reported prior 990 - from filing org,0,SkdJRltdOrgOffcrTrstKyEmpl.CmpRprtPrr990FlngOrgAmt,/IRS990ScheduleJ/RltdOrgOfficerTrstKeyEmplGrp/CompReportPrior990FilingOrgAmt,True,SkdJRltdOrgOffcrTrstKyEmpl,19
IRS990ScheduleJ,Part II Column (F),Part II contents; Comp reported prior 990 - from related orgs,0,SkdJRltdOrgOffcrTrstKyEmpl.CmpRprtPrr990RltdOrgsAmt,/IRS990ScheduleJ/RltdOrgOfficerTrstKeyEmplGrp/CompReportPrior990RltdOrgsAmt,True,SkdJRltdOrgOffcrTrstKyEmpl,19
IRS990ScheduleJ,Part III,"Part III contents; Form, Part and line number reference","SCHEDULE J, PART I, LINE 1A",SkdJSpplmntlInfrmtnDtl.FrmAndLnRfrncDsc,/IRS990ScheduleJ/SupplementalInformationDetail/FormAndLineReferenceDesc,True,SkdJSpplmntlInfrmtnDtl,0
IRS990ScheduleJ,Part III,"Part III contents; Form, Part and line number reference explanation",TAX INDEMNIFICATION: STANDARD POLICY FOR ALL SUTTER HEALTH EMPLOYEES IS THAT NON-CASH GIFTS AND AWARDS ARE GROSSED-UP FOR TAX PURPOSES. THE AMOUNT OF THE GROSS-UP IS ADDED TO THE EMPLOYEE'S WAGES AND TAXED ACCORDINGLY.,SkdJSpplmntlInfrmtnDtl.ExplntnTxt,/IRS990ScheduleJ/SupplementalInformationDetail/ExplanationTxt,True,SkdJSpplmntlInfrmtnDtl,0
IRS990ScheduleJ,Part III,"Part III contents; Form, Part and line number reference","SCHEDULE J, PART I, LINE 3",SkdJSpplmntlInfrmtnDtl.FrmAndLnRfrncDsc,/IRS990ScheduleJ/SupplementalInformationDetail/FormAndLineReferenceDesc,True,SkdJSpplmntlInfrmtnDtl,1
IRS990ScheduleJ,Part III,"Part III contents; Form, Part and line number reference explanation","SUPPLEMENTAL COMPENSATION INFORMATION: THE CEO OF THE ORGANIZATION IS AN EMPLOYEE OF SUTTER HEALTH, A RELATED TAX-EXEMPT ORGANIZATION. THE COMPENSATION COMMITTEE OF THE SUTTER HEALTH BOARD OF DIRECTORS RETAINS ULTIMATE DISCRETIONARY AUTHORITY OVER ALL ELEMENTS OF COMPENSATION TO ENSURE THAT ORGANIZATIONAL PURPOSES ARE APPROPRIATELY BEING SERVED. THE COMPENSATION COMMITTEE USES CREDIBLE DATA SOURCES AND MAINTAINS AN OBJECTIVE ""ARMS LENGTH"" DECISION-MAKING PROCESS, ENSURING THE INTEGRITY OF SUTTER'S EXECUTIVE PROGRAMS AND CONSISTENCY WITH THE ORGANIZATION'S OVERALL MISSION. SEE SCHEDULE O NARRATIVE PART VI, LINE 15 FOR A FULL DESCRIPTION OF THE COMPENSATION APPROVAL PROCESS COMPLETED BY SUTTER HEALTH.",SkdJSpplmntlInfrmtnDtl.ExplntnTxt,/IRS990ScheduleJ/SupplementalInformationDetail/ExplanationTxt,True,SkdJSpplmntlInfrmtnDtl,1
IRS990ScheduleJ,Part III,"Part III contents; Form, Part and line number reference","SCHEDULE J, PART I, LINE 4B",SkdJSpplmntlInfrmtnDtl.FrmAndLnRfrncDsc,/IRS990ScheduleJ/SupplementalInformationDetail/FormAndLineReferenceDesc,True,SkdJSpplmntlInfrmtnDtl,2
IRS990ScheduleJ,Part III,"Part III contents; Form, Part and line number reference explanation","NONQUALIFIED RETIREMENT PLAN: THE PURPOSE OF THE NONQUALIFIED RETIREMENT PLAN IS TO PROVIDE SUTTER HEALTH EXECUTIVES WITH A COMPETITIVE RETIREMENT BENEFIT CONSISTENT WITH SUTTER HEALTH'S OVERALL COMPENSATION PHILOSOPHY FOR ALL EMPLOYEES. CONTRIBUTIONS ARE DESIGNED TAKING INTO CONSIDERATION LOST RETIREMENT BENEFITS THAT WOULD OTHERWISE BE OBTAINED THROUGH THE QUALIFIED PENSION PLAN. SUTTER'S PLANS ARE DESIGNED CONSISTENT WITH COMPETITIVE INDUSTRY PRACTICES. THE RETIREMENT PLAN FOR SUTTER HEALTH EMPLOYEES IS A COMBINATION OF SOCIAL SECURITY, 403B EMPLOYER MATCH CONTRIBUTIONS AND QUALIFIED PLAN BENEFITS. SUTTER HEALTH EXECUTIVES ARE GENERALLY INELIGIBLE FOR EMPLOYER MATCH CONTRIBUTIONS. ADDITIONALLY, QUALIFIED PLAN BENEFITS CAPS HAVE THE EFFECT OF SUBSTANTIALLY REDUCING RETIREMENT BENEFITS THAT ARE OTHERWISE PROVIDED TO ALL EMPLOYEES. THE EFFECT IS THAT EXECUTIVES OFTEN DO NOT RECEIVE THE SAME LEVEL OF RETIREMENT BENEFIT ON AN INCOME REPLACEMENT BASIS AS OTHER EMPLOYEES. TO ENSURE A COMPETITIVE RETIREMENT BENEFIT AND TO ADDRESS THE SHORTFALLS DESCRIBED ABOVE, SUTTER HEALTH MAKES AN ANNUAL CONTRIBUTION TO A NON-QUALIFIED 457(F) PLAN FOR ITS EXECUTIVES. THE FORMULA HAS TWO PARTS: (1) 4% TO 7% OF BASE SALARY (COMMENSURATE WITH MANAGEMENT LEVEL), PLUS (2) A CONTRIBUTION STARTING AT 5% (BASED UPON TENURE) FOR EARNINGS BEYOND THE PENSION PAY CAP. THE LATTER OF WHICH IS DESIGNED TO HELP RESTORE LOST PENSION BENEFITS FORFEITED UNDER THE QUALIFIED PLAN FOR EARNINGS OVER THE PENSION PAY CAP LIMIT. CONTRIBUTIONS ARE ALSO MADE FOR A SMALL GROUP OF SENIOR LEVEL EXECUTIVES WHOSE ESTIMATED RETIREMENT BENEFIT (SOCIAL SECURITY PLUS QUALIFIED PLAN BENEFITS PLUS 457F) FALLS BELOW 50% - 65% OF FINAL 4-YEAR AVERAGE BASE SALARY WHEN RETIRING AT AGE 65. TARGET BENEFIT LEVELS VARY BY YEARS OF SERVICE. UNLIKE SUTTER HEALTH'S QUALIFIED PLAN WHERE EMPLOYEE BENEFITS ARE GUARANTEED (I.E., A DEFINED BENEFIT), SUTTER'S NON-QUALIFIED PLAN BENEFITS ARE NOT GUARANTEED BY SUTTER HEALTH. INVESTMENT RISK IS BORNE BY PARTICIPANTS AND BENEFITS ARE NOT PROTECTED SHOULD SUTTER HEALTH BECOME INSOLVENT.",SkdJSpplmntlInfrmtnDtl.ExplntnTxt,/IRS990ScheduleJ/SupplementalInformationDetail/ExplanationTxt,True,SkdJSpplmntlInfrmtnDtl,2
IRS990ScheduleJ,Part III,"Part III contents; Form, Part and line number reference","SCHEDULE J, PART 1, LINE 7",SkdJSpplmntlInfrmtnDtl.FrmAndLnRfrncDsc,/IRS990ScheduleJ/SupplementalInformationDetail/FormAndLineReferenceDesc,True,SkdJSpplmntlInfrmtnDtl,3
IRS990ScheduleJ,Part III,"Part III contents; Form, Part and line number reference explanation","NON-FIXED PAYMENTS: SPOT AWARDS ARE INFREQUENTLY USED TO REWARD EMPLOYEES. THERE ARE NO SPECIFIC GUIDELINES FOR THE AMOUNT OF THE SPOT AWARD BUT THE AMOUNT TENDS TO NOT EXCEED 5% OF GROSS PAY. ANNUAL INCENTIVE PLAN (AIP) THE PURPOSE OF THE PLAN IS TO FOCUS EXECUTIVES ON SPECIFIC, SHORTER-TERM GOALS THAT ARE CRITICAL TO THE ACHIEVEMENT OF AFFILIATE, REGION, AND SYSTEM-WIDE OBJECTIVES THAT DRIVE OVERALL ORGANIZATION PERFORMANCE. A PORTION OF THE PLAN AWARD IS DISCRETIONARY IN THAT THE SUPERVISOR MAY ADD +/- 5% TO THE AWARD PROVIDED THE TOTAL AWARD (FORMULA PORTION PLUS DISCRETIONARY) DOES NOT EXCEED THE MAXIMUM ESTABLISHED FOR ANY GIVEN EXECUTIVE. LONG TERM PERFORMANCE PLANS SUTTER HEALTH ALSO EMPLOYS LONG TERM PERFORMANCE PLANS WHICH ARE DESIGNED TO FOCUS ON LONGER TERM STRATEGIC OBJECTIVES OF THE ORGANIZATION. SUTTER'S LONG TERM PERFORMANCE PLAN APPROACH IS A COMBINATION OF BOTH LONGER TERM MEASURES OF ORGANIZATION SUCCESS AND KEY ORGANIZATION STRATEGIES WHICH REQUIRE THE COMBINED EFFORT OF ALL LEADERSHIP TO ACHIEVE SUCCESS. SUTTER USES A COMMON FATE APPROACH IN THAT ALL PLAN PARTICIPANTS ARE MEASURED AGAINST THE SAME, ORGANIZATION-WIDE CRITERIA VS. INDIVIDUAL EFFORTS. THIS FOSTERS A COMMON PURPOSE ACROSS LEADERSHIP AND A SHARED SENSE OF ACCOUNTABILITY FOR THE OVERALL SUCCESS OF SUTTER HEALTH. TO ENSURE THAT EXTRAORDINARY EFFORTS BY INDIVIDUALS CAN BE RECOGNIZED AND THAT ACTIONS OF LEADERSHIP ARE CONSISTENT WITH SUPPORTING SUTTER HEALTH'S OVERALL MISSION, VISION, AND VALUES, SUTTER'S LONG TERM INCENTIVE PLAN APPROACH ALSO INCORPORATES A COMBINATION OF CEO AND SUTTER HEALTH COMPENSATION COMMITTEE DISCRETION. IN SOME CASES, THE SUTTER HEALTH COMPENSATION COMMITTEE HAS DELEGATED AUTHORITY TO THE PRESIDENT & CEO TO MODIFY INDIVIDUAL AWARDS WITHIN LIMITS THAT HAVE BEEN PRE-APPROVED BY THE SUTTER HEALTH COMPENSATION COMMITTEE. THIS INCLUDES BOTH THE REDUCTION AND INCREASE OF AWARD AMOUNTS. SUCH MODIFICATIONS GENERALLY DO NOT EXCEED +/- 20% AND ARE EMPLOYED JUDICIOUSLY. IN ALL CASES, THE COMPENSATION COMMITTEE OF THE BOARD DETERMINES ACHIEVEMENT OF ORGANIZATION GOALS AND MAKES FINAL AWARD DETERMINATION WHICH MAY RESULT IN A REDUCTION OF AWARD IF APPROPRIATE. ALL SENIOR EXECUTIVE AWARDS ARE REVIEWED FOR COMPENSATION REASONABLENESS AND APPROVED PRIOR TO PAYMENT BY THE COMPENSATION COMMITTEE.",SkdJSpplmntlInfrmtnDtl.ExplntnTxt,/IRS990ScheduleJ/SupplementalInformationDetail/ExplanationTxt,True,SkdJSpplmntlInfrmtnDtl,3


